experiment_id,variant_id,question,track,source,case,case_label,solver_status,termination_condition,case_outcome,best_incumbent,best_bound,gap,elapsed_seconds,lp_relaxation_objective,timeline_mode,reconf_hours,delay_windows,fixed_total_mwh,mobile_total_mwh,c_reconf_yuan_per_mwh,C_total,C_grid,C_unserved,C_reconf,C_storage,C_total_with_storage,total_unmet_load,total_grid_purchase,total_charging_energy,total_discharging_energy,total_reconfiguration_volume,average_active_mobile_capacity_utilisation,SC_1,HT,R_delay,V_reconf_norm,B_reuse,L_friction,V_mob_net,note,concentration,residence_windows,reconf_hours_scan,delay_windows_scan,delay_hours,concentration_level,turnover_level,delay_windows_map,reconf_hours_map,concentration_map,turnover_map,robustness_case
E0,real_baseline,Do the real and synthetic sanity cases solve cleanly and produce sensible movement?,real,g2_representative_12x24,hybrid,Case C: Hybrid,ok,maxTimeLimit,feasible_with_gap,2308.3451937519835,2307.313376907724,0.0004469941701320777,487.280999999959,2308.345193751984,representative_12x24,24,1,9.0,6.0,0.5,2308.3451937519835,2290.3451937519835,0.0,-4.7052639562394916e-14,18.0,2308.3451937519835,0.0,2133.85887170368,285.58103393760535,263.436883128689,3.0863621407477813e-13,0.4187468683323849,0.04481228082053433,0.18181818181818182,14.9999999895,4.6763062737894215e-15,,,,Stopped before optimality proof; incumbent retained with gap=0.044699%.,,,,,,,,,,,,
E0,synthetic_easy,Do the real and synthetic sanity cases solve cleanly and produce sensible movement?,synthetic,synthetic_corridor,mobile_only,Case B: Mobile Only,ok,optimal,optimal,1215.350401710526,1215.350401710526,0.0,2.187000000034459,1215.350401710526,synthetic_hourly,24,1,0.0,2.4,0.5,1215.3504017105258,715.0452017105263,496.7051999999997,0.0,3.5999999999999996,1215.3504017105258,41.39209999999997,669.4751894736842,11.115789473684211,10.944,6.83481049534862e-16,0.3965936053229265,0.22147925391099138,0.2,3.3571428566721937,5.695675412315877e-17,,,,,0.55,3,,,,,,,,,,
E0,synthetic_extreme,Do the real and synthetic sanity cases solve cleanly and produce sensible movement?,synthetic,synthetic_corridor,mobile_only,Case B: Mobile Only,ok,optimal,optimal,1888.0936673355266,1888.0936673355266,0.0,1.672000000020489,1888.0936673355266,synthetic_hourly,24,1,0.0,2.4,0.5,1888.0936673355263,678.4677173355263,1206.0259500000002,0.0,3.5999999999999996,1888.0936673355263,100.50216250000001,643.0565019736842,11.115789473684211,10.944,0.0,0.40375774016086885,0.24207357208218538,1.0,2.999999999625,0.0,,,,,0.95,1,,,,,,,,,,
E1,baseline,"Under the shared-budget planning setting, how do no-storage, fixed-only, mobile-only, and hybrid compare?",real,g2_representative_12x24,no_storage,Case 0: No Storage,ok,optimal,optimal,2584.1787740315203,2584.1787740315017,0.0,12.625,2584.1787740315203,representative_12x24,24,1,0.0,0.0,0.0,2584.1787740315203,2584.1787740315203,0.0,0.0,0.0,2584.1787740315203,0.0,2111.7147208947636,0.0,0.0,0.0,0.0,0.043478260888052636,0.0,0.0,0.0,,,,,,,,,,,,,,,,
E1,baseline,"Under the shared-budget planning setting, how do no-storage, fixed-only, mobile-only, and hybrid compare?",real,g2_representative_12x24,fixed_only,Case A: Fixed Only,ok,optimal,optimal,2264.3077646661045,2264.3077646661045,0.0,14.40700000000652,2264.3077646661045,representative_12x24,24,1,18.0,0.0,0.0,2264.3077646661045,2246.3077646661045,0.0,0.0,18.0,2264.3077646661045,0.0,2135.5693454851307,314.8166624653036,290.96203787493647,0.0,0.0,0.043928560639703886,0.45454545454545453,0.0,0.0,,,,,,,,,,,,,,,,
E1,baseline,"Under the shared-budget planning setting, how do no-storage, fixed-only, mobile-only, and hybrid compare?",real,g2_representative_12x24,mobile_only,Case B: Mobile Only,ok,optimal,optimal,2357.177986118237,2356.9452317254136,0.0,455.6720000000205,2357.177986118237,representative_12x24,24,1,0.0,12.0,0.5,2357.177986118237,2339.177986118237,0.0,0.0,18.0,2357.177986118237,0.0,2131.4698944218812,249.38639514992667,229.6312216228088,8.335018857766324e-14,0.3719157133846576,0.04505430806794711,0.18181818181818182,12.666666659444443,6.314408225532712e-16,,,,,,,,,,,,,,,,
E1,baseline,"Under the shared-budget planning setting, how do no-storage, fixed-only, mobile-only, and hybrid compare?",real,g2_representative_12x24,hybrid,Case C: Hybrid,ok,maxTimeLimit,feasible_with_gap,2308.3451937519835,2307.313376907724,0.0004469941701320777,486.9530000000959,2308.345193751984,representative_12x24,24,1,9.0,6.0,0.5,2308.3451937519835,2290.3451937519835,0.0,-4.7052639562394916e-14,18.0,2308.3451937519835,0.0,2133.85887170368,285.58103393760535,263.436883128689,3.0863621407477813e-13,0.4187468683323849,0.04481228082053433,0.18181818181818182,14.9999999895,4.6763062737894215e-15,,,,Stopped before optimality proof; incumbent retained with gap=0.044699%.,,,,,,,,,,,,
E2,reconf_6,How sensitive is mobile value to the reconfiguration interval under a shared storage budget?,real,g2_representative_12x24,no_storage,Case 0: No Storage,ok,optimal,optimal,2584.1787740315203,2584.1787740315017,0.0,13.655999999959022,2584.1787740315203,representative_12x24,6,1,0.0,0.0,0.0,2584.1787740315203,2584.1787740315203,0.0,0.0,0.0,2584.1787740315203,0.0,2111.7147208947636,0.0,0.0,0.0,0.0,0.043478260886002505,0.0,0.0,0.0,,,,,,,6,,,,,,,,,
E2,reconf_6,How sensitive is mobile value to the reconfiguration interval under a shared storage budget?,real,g2_representative_12x24,fixed_only,Case A: Fixed Only,ok,optimal,optimal,2264.3077646661045,2264.3077646661045,0.0,16.265999999945052,2264.3077646661045,representative_12x24,6,1,18.0,0.0,0.0,2264.3077646661045,2246.3077646661045,0.0,0.0,18.0,2264.3077646661045,0.0,2135.5693454851307,314.8166624653036,290.96203787493647,0.0,0.0,0.05516978922349966,1.0,0.0,0.0,,,,,,,6,,,,,,,,,
E2,reconf_6,How sensitive is mobile value to the reconfiguration interval under a shared storage budget?,real,g2_representative_12x24,mobile_only,Case B: Mobile Only,ok,maxTimeLimit,feasible_with_gap,2358.8896123703507,2304.9204243327463,0.02287906468983644,487.65600000007544,2367.986931042433,representative_12x24,6,1,0.0,12.0,0.5,2358.889612370351,2338.4299045511757,0.0,2.4597078191752746,18.0,2358.889612370351,0.0,2131.329882105923,247.95037139650603,228.3352101853468,4.9194156383640575,0.39105400291633063,0.06255753868323351,0.9787234042553191,5.166666661777778,0.008722368153112297,,,,Stopped before optimality proof; incumbent retained with gap=2.287906%.,,,6,,,,,,,,,
E2,reconf_6,How sensitive is mobile value to the reconfiguration interval under a shared storage budget?,real,g2_representative_12x24,hybrid,Case C: Hybrid,ok,maxTimeLimit,feasible_with_gap,2309.37132083587,2265.6735754046076,0.018921922618942915,487.48400000005495,2312.905395707029,representative_12x24,6,1,9.0,6.0,0.5,2309.37132083587,2289.682505568341,0.0,1.688815267528758,18.0,2309.37132083587,0.0,2133.7971550753773,284.948042878088,262.8656086974744,3.3776309295922053,0.43284554529645786,0.06224782506906474,0.9574468085106383,4.812499995614583,0.011977414643901518,,,,Stopped before optimality proof; incumbent retained with gap=1.892192%.,,,6,,,,,,,,,
E2,reconf_12,How sensitive is mobile value to the reconfiguration interval under a shared storage budget?,real,g2_representative_12x24,no_storage,Case 0: No Storage,ok,optimal,optimal,2584.1787740315203,2584.1787740315017,0.0,13.921999999904074,2584.1787740315203,representative_12x24,12,1,0.0,0.0,0.0,2584.1787740315203,2584.1787740315203,0.0,0.0,0.0,2584.1787740315203,0.0,2111.7147208947636,0.0,0.0,0.0,0.0,0.04347826088739793,0.0,0.0,0.0,,,,,,,12,,,,,,,,,
E2,reconf_12,How sensitive is mobile value to the reconfiguration interval under a shared storage budget?,real,g2_representative_12x24,fixed_only,Case A: Fixed Only,ok,optimal,optimal,2264.3077646661045,2264.3077646661045,0.0,15.422000000020489,2264.3077646661045,representative_12x24,12,1,18.0,0.0,0.0,2264.3077646661045,2246.3077646661045,0.0,0.0,18.0,2264.3077646661045,0.0,2135.5693454851307,314.8166624653036,290.96203787493647,0.0,0.0,0.048895815763840715,0.9130434782608695,0.0,0.0,,,,,,,12,,,,,,,,,
E2,reconf_12,How sensitive is mobile value to the reconfiguration interval under a shared storage budget?,real,g2_representative_12x24,mobile_only,Case B: Mobile Only,ok,maxTimeLimit,feasible_with_gap,2356.7645351719884,2321.1376834668026,0.015116848193146236,486.0779999999795,2374.2184144071744,representative_12x24,12,1,0.0,12.0,0.5,2356.7645351719884,2337.1612184902174,0.0,1.6033166817709616,18.0,2356.7645351719884,0.0,2131.565726942,250.36929279216574,230.51828674492955,3.206633363541996,0.381556491562166,0.05013551757518946,1.0,11.999999987999999,0.011618236824385427,,,,Stopped before optimality proof; incumbent retained with gap=1.511685%.,,,12,,,,,,,,,
E2,reconf_12,How sensitive is mobile value to the reconfiguration interval under a shared storage budget?,real,g2_representative_12x24,hybrid,Case C: Hybrid,ok,maxTimeLimit,feasible_with_gap,2307.661638218841,2280.277857123107,0.01186646284802391,486.76600000006147,2313.185204353418,representative_12x24,12,1,9.0,6.0,0.5,2307.661638218841,2288.9144983722827,0.0,0.747139846558288,18.0,2307.661638218841,0.0,2133.938435257573,286.3970703877893,264.1733560249799,1.4942796931168694,0.4168610522357437,0.048623122010590124,1.0,11.66666665511111,0.01082811371815972,,,,Stopped before optimality proof; incumbent retained with gap=1.186646%.,,,12,,,,,,,,,
E2,reconf_24,How sensitive is mobile value to the reconfiguration interval under a shared storage budget?,real,g2_representative_12x24,no_storage,Case 0: No Storage,ok,optimal,optimal,2584.1787740315203,2584.1787740315017,0.0,12.984000000054948,2584.1787740315203,representative_12x24,24,1,0.0,0.0,0.0,2584.1787740315203,2584.1787740315203,0.0,0.0,0.0,2584.1787740315203,0.0,2111.7147208947636,0.0,0.0,0.0,0.0,0.043478260888052636,0.0,0.0,0.0,,,,,,,24,,,,,,,,,
E2,reconf_24,How sensitive is mobile value to the reconfiguration interval under a shared storage budget?,real,g2_representative_12x24,fixed_only,Case A: Fixed Only,ok,optimal,optimal,2264.3077646661045,2264.3077646661045,0.0,13.891000000061467,2264.3077646661045,representative_12x24,24,1,18.0,0.0,0.0,2264.3077646661045,2246.3077646661045,0.0,0.0,18.0,2264.3077646661045,0.0,2135.5693454851307,314.8166624653036,290.96203787493647,0.0,0.0,0.043928560639703886,0.45454545454545453,0.0,0.0,,,,,,,24,,,,,,,,,
E2,reconf_24,How sensitive is mobile value to the reconfiguration interval under a shared storage budget?,real,g2_representative_12x24,mobile_only,Case B: Mobile Only,ok,optimal,optimal,2357.177986118237,2356.9452317254136,0.0,403.51600000006147,2357.177986118237,representative_12x24,24,1,0.0,12.0,0.5,2357.177986118237,2339.177986118237,0.0,0.0,18.0,2357.177986118237,0.0,2131.4698944218812,249.38639514992667,229.6312216228088,8.335018857766324e-14,0.3719157133846576,0.04505430806794711,0.18181818181818182,12.666666659444443,6.314408225532712e-16,,,,,,,24,,,,,,,,,
E2,reconf_24,How sensitive is mobile value to the reconfiguration interval under a shared storage budget?,real,g2_representative_12x24,hybrid,Case C: Hybrid,ok,maxTimeLimit,feasible_with_gap,2308.3451937519835,2307.313376907724,0.0004469941701320777,486.43700000003446,2308.345193751984,representative_12x24,24,1,9.0,6.0,0.5,2308.3451937519835,2290.3451937519835,0.0,-4.7052639562394916e-14,18.0,2308.3451937519835,0.0,2133.85887170368,285.58103393760535,263.436883128689,3.0863621407477813e-13,0.4187468683323849,0.04481228082053433,0.18181818181818182,14.9999999895,4.6763062737894215e-15,,,,Stopped before optimality proof; incumbent retained with gap=0.044699%.,,,24,,,,,,,,,
E2,reconf_48,How sensitive is mobile value to the reconfiguration interval under a shared storage budget?,real,g2_representative_12x24,no_storage,Case 0: No Storage,ok,optimal,optimal,2584.1787740315203,2584.1787740315017,0.0,12.359000000054948,2584.1787740315203,representative_12x24,48,1,0.0,0.0,0.0,2584.1787740315203,2584.1787740315203,0.0,0.0,0.0,2584.1787740315203,0.0,2111.7147208947636,0.0,0.0,0.0,0.0,0.04347826088831368,0.0,0.0,0.0,,,,,,,48,,,,,,,,,
E2,reconf_48,How sensitive is mobile value to the reconfiguration interval under a shared storage budget?,real,g2_representative_12x24,fixed_only,Case A: Fixed Only,ok,optimal,optimal,2264.3077646661045,2264.3077646661045,0.0,13.781000000075437,2264.3077646661045,representative_12x24,48,1,18.0,0.0,0.0,2264.3077646661045,2246.3077646661045,0.0,0.0,18.0,2264.3077646661045,0.0,2135.5693454851307,314.8166624653036,290.96203787493647,0.0,0.0,0.0439068846678881,0.6,0.0,0.0,,,,,,,48,,,,,,,,,
E2,reconf_48,How sensitive is mobile value to the reconfiguration interval under a shared storage budget?,real,g2_representative_12x24,mobile_only,Case B: Mobile Only,ok,optimal,optimal,2358.2702056500457,2358.0350436319764,0.0,187.90599999995902,2358.27020565005,representative_12x24,48,1,0.0,12.0,0.5,2358.2702056500457,2340.2702056500457,0.0,5.762048695251761e-14,18.0,2358.2702056500457,0.0,2131.2524042920654,247.1557271518666,227.61804375454992,2.373377510381868e-13,0.3589222209990695,0.04490435745294277,0.4,14.666666661777777,3.955629183903853e-15,,,,,,,48,,,,,,,,,
E2,reconf_48,How sensitive is mobile value to the reconfiguration interval under a shared storage budget?,real,g2_representative_12x24,hybrid,Case C: Hybrid,ok,optimal,optimal,2309.023048076278,2308.804262822202,0.0,63.20299999997951,2309.023048076278,representative_12x24,48,1,9.0,6.0,0.5,2309.023048076278,2291.023048076275,0.0,3.3475184984176776e-12,18.0,2309.023048076278,0.0,2133.7419133945377,284.38146153689604,262.35426903709254,4.563561765902544e-11,0.3945279666436737,0.044913754271583096,0.2,17.333333326888887,1.5211872552501417e-12,,,,,,,48,,,,,,,,,
E2,reconf_168,How sensitive is mobile value to the reconfiguration interval under a shared storage budget?,real,g2_representative_12x24,no_storage,Case 0: No Storage,ok,optimal,optimal,2584.1787740315203,2584.1787740315017,0.0,12.438000000081956,2584.1787740315203,representative_12x24,168,1,0.0,0.0,0.0,2584.1787740315203,2584.1787740315203,0.0,0.0,0.0,2584.1787740315203,0.0,2111.7147208947636,0.0,0.0,0.0,0.0,0.04347826088848522,0.0,0.0,0.0,,,,,,,168,,,,,,,,,
E2,reconf_168,How sensitive is mobile value to the reconfiguration interval under a shared storage budget?,real,g2_representative_12x24,fixed_only,Case A: Fixed Only,ok,optimal,optimal,2264.3077646661045,2264.3077646661045,0.0,13.625,2264.3077646661045,representative_12x24,168,1,18.0,0.0,0.0,2264.3077646661045,2246.3077646661045,0.0,0.0,18.0,2264.3077646661045,0.0,2135.5693454851307,314.8166624653036,290.96203787493647,0.0,0.0,0.043820197972992136,0.0,0.0,0.0,,,,,,,168,,,,,,,,,
E2,reconf_168,How sensitive is mobile value to the reconfiguration interval under a shared storage budget?,real,g2_representative_12x24,mobile_only,Case B: Mobile Only,ok,optimal,optimal,2367.35043875844,2367.2314556949023,0.0,22.21799999999348,2367.35043875844,representative_12x24,168,1,0.0,12.0,0.5,2367.35043875844,2349.35043875844,0.0,0.0,18.0,2367.35043875844,0.0,2129.532642590278,229.51714559501926,211.6992238995049,5.551115123125783e-17,0.33864851080876246,0.04420503737111407,1.0,19.938461535155504,4.625929268885991e-18,,,,,,,168,,,,,,,,,
E2,reconf_168,How sensitive is mobile value to the reconfiguration interval under a shared storage budget?,real,g2_representative_12x24,hybrid,Case C: Hybrid,ok,optimal,optimal,2314.2865505631253,2314.188198096147,0.0,28.671999999904074,2314.2865505631253,representative_12x24,168,1,9.0,6.0,0.5,2314.2865505631253,2296.2865505631253,0.0,0.0,18.0,2314.2865505631253,0.0,2132.7926919324445,274.6458567967269,253.56788575904605,0.0,0.3666692507803056,0.044017191660728594,1.0,41.538461520035504,0.0,,,,,,,168,,,,,,,,,
E3,delay_0,How much deployment delay kills the mobile advantage under a shared storage budget?,real,g2_representative_12x24,no_storage,Case 0: No Storage,ok,optimal,optimal,2584.1787740315203,2584.1787740315017,0.0,14.14000000001397,2584.1787740315203,representative_12x24,24,0,0.0,0.0,0.0,2584.1787740315203,2584.1787740315203,0.0,0.0,0.0,2584.1787740315203,0.0,2111.7147208947636,0.0,0.0,0.0,0.0,0.043478260888052636,0.0,0.0,0.0,,,,,,,,0,0,,,,,,,
E3,delay_0,How much deployment delay kills the mobile advantage under a shared storage budget?,real,g2_representative_12x24,fixed_only,Case A: Fixed Only,ok,optimal,optimal,2264.3077646661045,2264.3077646661045,0.0,15.983999999938533,2264.3077646661045,representative_12x24,24,0,18.0,0.0,0.0,2264.3077646661045,2246.3077646661045,0.0,0.0,18.0,2264.3077646661045,0.0,2135.5693454851307,314.8166624653036,290.96203787493647,0.0,0.0,0.043928560639703886,0.45454545454545453,0.0,0.0,,,,,,,,0,0,,,,,,,
E3,delay_0,How much deployment delay kills the mobile advantage under a shared storage budget?,real,g2_representative_12x24,mobile_only,Case B: Mobile Only,ok,optimal,optimal,2356.3897800110985,2356.1558517558237,0.0,249.9529999999795,2356.389780011251,representative_12x24,24,0,0.0,12.0,0.5,2356.3897800110985,2338.389780011116,0.0,-1.747494107541886e-11,18.0,2356.3897800110985,0.0,2131.594033983861,250.65962142675644,230.7803083375247,4.5270601473143e-10,0.3965128866052947,0.0448703170863272,0.09090909090909091,0.0,3.4295910206666697e-12,,,,,,,,0,0,,,,,,,
E3,delay_0,How much deployment delay kills the mobile advantage under a shared storage budget?,real,g2_representative_12x24,hybrid,Case C: Hybrid,ok,maxTimeLimit,feasible_with_gap,2307.877286546477,2306.850035896113,0.00044510626988382,485.094000000041,2307.877286555223,representative_12x24,24,0,9.0,6.0,0.5,2307.877286546477,2289.877286547586,0.0,-1.1090606870314687e-09,18.0,2307.877286546477,0.0,2133.9314533063716,286.32546068298836,264.10872826639684,4.485248200625236e-09,0.4339279267813864,0.04474847757859771,0.09090909090909091,0.0,6.795830606904966e-11,,,,Stopped before optimality proof; incumbent retained with gap=0.044511%.,,,,0,0,,,,,,,
E3,delay_1,How much deployment delay kills the mobile advantage under a shared storage budget?,real,g2_representative_12x24,no_storage,Case 0: No Storage,ok,optimal,optimal,2584.1787740315203,2584.1787740315017,0.0,12.78200000000652,2584.1787740315203,representative_12x24,24,1,0.0,0.0,0.0,2584.1787740315203,2584.1787740315203,0.0,0.0,0.0,2584.1787740315203,0.0,2111.7147208947636,0.0,0.0,0.0,0.0,0.043478260888052636,0.0,0.0,0.0,,,,,,,,1,24,,,,,,,
E3,delay_1,How much deployment delay kills the mobile advantage under a shared storage budget?,real,g2_representative_12x24,fixed_only,Case A: Fixed Only,ok,optimal,optimal,2264.3077646661045,2264.3077646661045,0.0,14.233999999938533,2264.3077646661045,representative_12x24,24,1,18.0,0.0,0.0,2264.3077646661045,2246.3077646661045,0.0,0.0,18.0,2264.3077646661045,0.0,2135.5693454851307,314.8166624653036,290.96203787493647,0.0,0.0,0.043928560639703886,0.45454545454545453,0.0,0.0,,,,,,,,1,24,,,,,,,
E3,delay_1,How much deployment delay kills the mobile advantage under a shared storage budget?,real,g2_representative_12x24,mobile_only,Case B: Mobile Only,ok,optimal,optimal,2357.177986118237,2356.9452317254136,0.0,425.25,2357.177986118237,representative_12x24,24,1,0.0,12.0,0.5,2357.177986118237,2339.177986118237,0.0,0.0,18.0,2357.177986118237,0.0,2131.4698944218812,249.38639514992667,229.6312216228088,8.335018857766324e-14,0.3719157133846576,0.04505430806794711,0.18181818181818182,12.666666659444443,6.314408225532712e-16,,,,,,,,1,24,,,,,,,
E3,delay_1,How much deployment delay kills the mobile advantage under a shared storage budget?,real,g2_representative_12x24,hybrid,Case C: Hybrid,ok,maxTimeLimit,feasible_with_gap,2308.3451937519835,2307.313376907724,0.0004469941701320777,486.405999999959,2308.345193751984,representative_12x24,24,1,9.0,6.0,0.5,2308.3451937519835,2290.3451937519835,0.0,-4.7052639562394916e-14,18.0,2308.3451937519835,0.0,2133.85887170368,285.58103393760535,263.436883128689,3.0863621407477813e-13,0.4187468683323849,0.04481228082053433,0.18181818181818182,14.9999999895,4.6763062737894215e-15,,,,Stopped before optimality proof; incumbent retained with gap=0.044699%.,,,,1,24,,,,,,,
E3,delay_2,How much deployment delay kills the mobile advantage under a shared storage budget?,real,g2_representative_12x24,no_storage,Case 0: No Storage,ok,optimal,optimal,2584.1787740315203,2584.1787740315017,0.0,12.46799999999348,2584.1787740315203,representative_12x24,24,2,0.0,0.0,0.0,2584.1787740315203,2584.1787740315203,0.0,0.0,0.0,2584.1787740315203,0.0,2111.7147208947636,0.0,0.0,0.0,0.0,0.043478260888052636,0.0,0.0,0.0,,,,,,,,2,48,,,,,,,
E3,delay_2,How much deployment delay kills the mobile advantage under a shared storage budget?,real,g2_representative_12x24,fixed_only,Case A: Fixed Only,ok,optimal,optimal,2264.3077646661045,2264.3077646661045,0.0,14.359000000054948,2264.3077646661045,representative_12x24,24,2,18.0,0.0,0.0,2264.3077646661045,2246.3077646661045,0.0,0.0,18.0,2264.3077646661045,0.0,2135.5693454851307,314.8166624653036,290.96203787493647,0.0,0.0,0.043928560639703886,0.45454545454545453,0.0,0.0,,,,,,,,2,48,,,,,,,
E3,delay_2,How much deployment delay kills the mobile advantage under a shared storage budget?,real,g2_representative_12x24,mobile_only,Case B: Mobile Only,ok,optimal,optimal,2358.2702056492244,2358.035744101749,0.0,241.579000000027,2358.270205650053,representative_12x24,24,2,0.0,12.0,0.5,2358.2702056492244,2340.27020564922,0.0,4.4401999048501884e-12,18.0,2358.2702056492244,0.0,2131.252404291221,247.1557271518581,227.618043754552,2.326312503742045e-09,0.36790921077777755,0.045308084190708545,0.18181818181818182,23.333333321888887,1.762357957366986e-11,,,,,,,,2,48,,,,,,,
E3,delay_2,How much deployment delay kills the mobile advantage under a shared storage budget?,real,g2_representative_12x24,hybrid,Case C: Hybrid,ok,optimal,optimal,2309.023048076316,2308.796716382142,0.0,343.625,2309.0230480763685,representative_12x24,24,2,9.0,6.0,0.5,2309.023048076316,2291.0230480763325,0.0,-1.6156349394692523e-11,18.0,2309.023048076316,0.0,2133.7419133944745,284.38146153660705,262.35426903705263,1.0057427832499348e-10,0.42537440541409294,0.044992537274142624,0.18181818181818182,31.333333309888886,1.523852701870752e-12,,,,,,,,2,48,,,,,,,
E3,delay_3,How much deployment delay kills the mobile advantage under a shared storage budget?,real,g2_representative_12x24,no_storage,Case 0: No Storage,ok,optimal,optimal,2584.1787740315203,2584.1787740315017,0.0,12.718999999924563,2584.1787740315203,representative_12x24,24,3,0.0,0.0,0.0,2584.1787740315203,2584.1787740315203,0.0,0.0,0.0,2584.1787740315203,0.0,2111.7147208947636,0.0,0.0,0.0,0.0,0.043478260888052636,0.0,0.0,0.0,,,,,,,,3,72,,,,,,,
E3,delay_3,How much deployment delay kills the mobile advantage under a shared storage budget?,real,g2_representative_12x24,fixed_only,Case A: Fixed Only,ok,optimal,optimal,2264.3077646661045,2264.3077646661045,0.0,14.187000000034459,2264.3077646661045,representative_12x24,24,3,18.0,0.0,0.0,2264.3077646661045,2246.3077646661045,0.0,0.0,18.0,2264.3077646661045,0.0,2135.5693454851307,314.8166624653036,290.96203787493647,0.0,0.0,0.043928560639703886,0.45454545454545453,0.0,0.0,,,,,,,,3,72,,,,,,,
E3,delay_3,How much deployment delay kills the mobile advantage under a shared storage budget?,real,g2_representative_12x24,mobile_only,Case B: Mobile Only,ok,optimal,optimal,2359.842046474739,2359.6129655445084,0.0,178.71900000004098,2359.842046474768,representative_12x24,24,3,0.0,12.0,0.5,2359.842046474739,2341.842046474725,0.0,1.407618106109017e-11,18.0,2359.842046474739,0.0,2130.907254008644,243.61572424578532,224.42319113192414,8.320062007993933e-11,0.36150702708490334,0.044834725790252807,0.2727272727272727,37.999999978333335,6.303077278735532e-13,,,,,,,,3,72,,,,,,,
E3,delay_3,How much deployment delay kills the mobile advantage under a shared storage budget?,real,g2_representative_12x24,hybrid,Case C: Hybrid,ok,optimal,optimal,2309.967389259629,2309.7382352439863,0.0,243.06299999996554,2309.9673892604014,representative_12x24,24,3,9.0,6.0,0.5,2309.967389259629,2291.967389259629,0.0,1.5165175035232726e-13,18.0,2309.967389259629,0.0,2133.5455463878934,282.36744096430255,260.5366154704798,8.605110084759866e-12,0.411662182567014,0.04469928172036802,0.2727272727272727,47.999999964,1.3038045582771946e-13,,,,,,,,3,72,,,,,,,
E4,conc_0.35,"Under a shared storage budget, does mobile help more when stress is localized or distributed?",synthetic,synthetic_concentration_scan,no_storage,Case 0: No Storage,ok,optimal,optimal,2612.0628,2612.0627999999965,0.0,1.4530000000959262,2612.0628,synthetic_hourly,24,1,0.0,0.0,0.0,2612.0628000000006,915.7428,1696.3200000000004,0.0,0.0,2612.0628000000006,141.36000000000004,856.688,0.0,0.0,0.0,0.0,0.20736136571790362,1.0,0.0,0.0,,,,,0.35,,,,,0.35,,,,,,
E4,conc_0.35,"Under a shared storage budget, does mobile help more when stress is localized or distributed?",synthetic,synthetic_concentration_scan,fixed_only,Case A: Fixed Only,ok,optimal,optimal,2365.512063157895,2365.512063157895,0.0,1.7969999999040738,2365.512063157895,synthetic_hourly,24,1,3.6,0.0,0.0,2365.5120631578948,928.2480631578948,1433.6640000000002,0.0,3.6,2365.5120631578948,119.47200000000002,879.4248421052631,22.73684210526316,21.888000000000005,0.0,0.0,0.2084781106016805,0.42857142857142855,0.0,0.0,,,,,0.35,,,,,0.35,,,,,,
E4,conc_0.35,"Under a shared storage budget, does mobile help more when stress is localized or distributed?",synthetic,synthetic_concentration_scan,mobile_only,Case B: Mobile Only,ok,optimal,optimal,2448.8956421052635,2448.8956421052635,0.0,1.875,2448.8956421052635,synthetic_hourly,24,1,0.0,2.4,0.5,2448.8956421052635,924.0796421052631,1521.2160000000003,0.0,3.5999999999999996,2448.8956421052635,126.76800000000003,871.8458947368421,15.157894736842104,14.592,4.996003610813204e-16,0.38239807771298595,0.20765270225208352,1.0,2.4666666664125927,2.9738116729260854e-17,,,,,0.35,,,,,0.35,,,,,,
E4,conc_0.35,"Under a shared storage budget, does mobile help more when stress is localized or distributed?",synthetic,synthetic_concentration_scan,hybrid,Case C: Hybrid,ok,optimal,optimal,2407.2038526315796,2407.203852631579,0.0,2.187000000034459,2407.2038526315796,synthetic_hourly,24,1,1.8,1.2,0.5,2407.2038526315796,926.163852631579,1477.4400000000005,0.0,3.5999999999999996,2407.2038526315796,123.12000000000003,875.6353684210526,18.947368421052627,18.239999999999995,9.409140133698202e-15,0.41052849163747246,0.20793977629412658,0.7142857142857143,2.928571428211593,1.1201357300688173e-15,,,,,0.35,,,,,0.35,,,,,,
E4,conc_0.50,"Under a shared storage budget, does mobile help more when stress is localized or distributed?",synthetic,synthetic_concentration_scan,no_storage,Case 0: No Storage,ok,optimal,optimal,2528.085600000001,2528.0856000000126,0.0,1.7189999999245629,2528.085600000001,synthetic_hourly,24,1,0.0,0.0,0.0,2528.0856000000003,915.5735999999999,1612.5120000000006,0.0,0.0,2528.0856000000003,134.37600000000006,856.544,0.0,0.0,0.0,0.0,0.21569089276908338,1.0,0.0,0.0,,,,,0.5,,,,,0.5,,,,,,
E4,conc_0.50,"Under a shared storage budget, does mobile help more when stress is localized or distributed?",synthetic,synthetic_concentration_scan,fixed_only,Case A: Fixed Only,ok,optimal,optimal,2283.8347631578954,2283.8347631578954,0.0,1.75,2283.8347631578954,synthetic_hourly,24,1,3.6,0.0,0.0,2283.8347631578954,927.7627631578947,1352.4720000000007,0.0,3.6,2283.8347631578954,112.70600000000005,879.0628421052631,22.73684210526316,21.888000000000005,0.0,0.0,0.21657609100767097,1.0,0.0,0.0,,,,,0.5,,,,,0.5,,,,,,
E4,conc_0.50,"Under a shared storage budget, does mobile help more when stress is localized or distributed?",synthetic,synthetic_concentration_scan,mobile_only,Case B: Mobile Only,ok,optimal,optimal,2364.9184421052637,2364.9184421052637,0.0,1.8910000000614673,2364.9184421052637,synthetic_hourly,24,1,0.0,2.4,0.5,2364.9184421052637,923.9104421052631,1437.4080000000006,0.0,3.5999999999999996,2364.9184421052637,119.78400000000005,871.7018947368421,15.157894736842106,14.592000000000002,1.7208456881689926e-15,0.3791941588990309,0.21605985914214615,1.0,2.999999999625,1.0243129095634294e-16,,,,,0.5,,,,,0.5,,,,,,
E4,conc_0.50,"Under a shared storage budget, does mobile help more when stress is localized or distributed?",synthetic,synthetic_concentration_scan,hybrid,Case C: Hybrid,ok,optimal,optimal,2323.2266526315793,2323.2266526315793,0.0,2.25,2323.2266526315793,synthetic_hourly,24,1,1.8,1.2,0.5,2323.2266526315793,925.9946526315789,1393.6320000000005,0.0,3.5999999999999996,2323.2266526315793,116.13600000000004,875.4913684210526,18.947368421052634,18.240000000000002,1.249000902703301e-16,0.4112472987463876,0.2163631639712071,1.0,3.053571428182079,1.4869058363745362e-17,,,,,0.5,,,,,0.5,,,,,,
E4,conc_0.65,"Under a shared storage budget, does mobile help more when stress is localized or distributed?",synthetic,synthetic_concentration_scan,no_storage,Case 0: No Storage,ok,optimal,optimal,2446.1973000000003,2446.1973,0.0,1.484000000054948,2446.1973000000003,synthetic_hourly,24,1,0.0,0.0,0.0,2446.1973000000003,915.1173,1531.0800000000002,0.0,0.0,2446.1973000000003,127.59000000000002,856.202,0.0,0.0,0.0,0.0,0.22382384054136814,1.0,0.0,0.0,,,,,0.65,,,,,0.65,,,,,,
E4,conc_0.65,"Under a shared storage budget, does mobile help more when stress is localized or distributed?",synthetic,synthetic_concentration_scan,fixed_only,Case A: Fixed Only,ok,optimal,optimal,2204.7527631578946,2204.7527631578946,0.0,1.8290000000270084,2204.7527631578946,synthetic_hourly,24,1,3.6,0.0,0.0,2204.7527631578946,926.9207631578947,1274.2320000000002,0.0,3.6,2204.7527631578946,106.186,878.4548421052631,22.73684210526316,21.888,0.0,0.0,0.22512028447459603,1.0,0.0,0.0,,,,,0.65,,,,,0.65,,,,,,
E4,conc_0.65,"Under a shared storage budget, does mobile help more when stress is localized or distributed?",synthetic,synthetic_concentration_scan,mobile_only,Case B: Mobile Only,ok,optimal,optimal,2283.030142105263,2283.030142105263,0.0,1.9849999999860302,2283.030142105263,synthetic_hourly,24,1,0.0,2.4,0.5,2283.030142105263,923.4541421052631,1355.976,0.0,3.5999999999999996,2283.030142105263,112.99800000000002,871.3598947368421,15.157894736842106,14.592,3.0531133177191805e-15,0.38330761433122224,0.22435263983195414,1.0,2.999999999625,1.817329355677052e-16,,,,,0.65,,,,,0.65,,,,,,
E4,conc_0.65,"Under a shared storage budget, does mobile help more when stress is localized or distributed?",synthetic,synthetic_concentration_scan,hybrid,Case C: Hybrid,ok,optimal,optimal,2242.608572631579,2242.608572631579,0.0,2.0619999999180436,2242.608572631579,synthetic_hourly,24,1,1.8,1.2,0.5,2242.608572631579,925.363772631579,1313.6448,0.0,3.5999999999999996,2242.608572631579,109.47040000000001,875.0289684210526,18.947368421052634,18.240000000000002,1.3877787807814457e-16,0.42516943073645874,0.2246117698182748,1.0,3.053571428182079,1.652117595971707e-17,,,,,0.65,,,,,0.65,,,,,,
E4,conc_0.80,"Under a shared storage budget, does mobile help more when stress is localized or distributed?",synthetic,synthetic_concentration_scan,no_storage,Case 0: No Storage,ok,optimal,optimal,2371.4692,2371.4691999999995,0.0,1.562000000034459,2371.4692,synthetic_hourly,24,1,0.0,0.0,0.0,2371.4692,913.7332,1457.736,0.0,0.0,2371.4692,121.47800000000001,855.1859999999999,0.0,0.0,0.0,0.0,0.2319069145267003,1.0,0.0,0.0,,,,,0.8,,,,,0.8,,,,,,
E4,conc_0.80,"Under a shared storage budget, does mobile help more when stress is localized or distributed?",synthetic,synthetic_concentration_scan,fixed_only,Case A: Fixed Only,ok,optimal,optimal,2137.472963157895,2137.472963157895,0.0,1.8280000000959262,2137.472963157895,synthetic_hourly,24,1,3.6,0.0,0.0,2137.472963157895,924.5129631578948,1209.3600000000001,0.0,3.6,2137.472963157895,100.78,876.7328421052631,22.73684210526316,21.888000000000005,0.0,0.0,0.23352273685493224,1.0,0.0,0.0,,,,,0.8,,,,,0.8,,,,,,
E4,conc_0.80,"Under a shared storage budget, does mobile help more when stress is localized or distributed?",synthetic,synthetic_concentration_scan,mobile_only,Case B: Mobile Only,ok,optimal,optimal,2210.460572105263,2210.460572105263,0.0,2.625,2210.460572105263,synthetic_hourly,24,1,0.0,2.4,0.5,2210.460572105263,921.7733721052631,1285.0872000000002,0.0,3.5999999999999996,2210.460572105263,107.09060000000001,870.1392947368421,15.157894736842104,14.592,4.996003610813204e-16,0.4021449167343247,0.23282003013896668,1.0,2.999999999625,2.9738116729260854e-17,,,,,0.8,,,,,0.8,,,,,,
E4,conc_0.80,"Under a shared storage budget, does mobile help more when stress is localized or distributed?",synthetic,synthetic_concentration_scan,hybrid,Case C: Hybrid,ok,optimal,optimal,2170.168767631579,2170.1687676315787,0.0,3.062000000034459,2170.168767631579,synthetic_hourly,24,1,1.8,1.2,0.5,2170.168767631579,923.6651676315789,1242.9036,0.0,3.5999999999999996,2170.168767631579,103.5753,873.7960684210526,18.947368421052634,18.240000000000002,2.7755575615628914e-16,0.44389688413550027,0.23302058758329472,1.0,3.053571428182079,3.304235191943414e-17,,,,,0.8,,,,,0.8,,,,,,
E4,conc_0.95,"Under a shared storage budget, does mobile help more when stress is localized or distributed?",synthetic,synthetic_concentration_scan,no_storage,Case 0: No Storage,ok,optimal,optimal,2321.49795,2321.4979500000104,0.0,1.4219999999040738,2321.49795,synthetic_hourly,24,1,0.0,0.0,0.0,2321.49795,909.4219499999999,1412.0760000000002,0.0,0.0,2321.49795,117.67300000000003,851.8629999999999,0.0,0.0,0.0,0.0,0.24044704696417613,1.0,0.0,0.0,,,,,0.95,,,,,0.95,,,,,,
E4,conc_0.95,"Under a shared storage budget, does mobile help more when stress is localized or distributed?",synthetic,synthetic_concentration_scan,fixed_only,Case A: Fixed Only,ok,optimal,optimal,2159.589863157895,2159.589863157895,0.0,1.75,2159.589863157895,synthetic_hourly,24,1,3.6,0.0,0.0,2159.5898631578943,910.2938631578947,1245.696,0.0,3.6,2159.5898631578943,103.808,866.5768421052632,22.73684210526316,21.888,0.0,0.0,0.242549465030189,1.0,0.0,0.0,,,,,0.95,,,,,0.95,,,,,,
E4,conc_0.95,"Under a shared storage budget, does mobile help more when stress is localized or distributed?",synthetic,synthetic_concentration_scan,mobile_only,Case B: Mobile Only,ok,optimal,optimal,2166.6294292105263,2166.6294292105263,0.0,2.547000000020489,2166.6294292105263,synthetic_hourly,24,1,0.0,2.4,0.5,2166.6294292105263,917.0527871052632,1242.8148,3.161842105263134,3.5999999999999996,2166.6294292105263,103.56790000000002,866.533994736842,15.157894736842104,14.592,6.323684210526268,0.39832927288839,0.2428959492620295,1.0,3.053571428182079,0.376409774413682,,,,,0.95,,,,,0.95,,,,,,
E4,conc_0.95,"Under a shared storage budget, does mobile help more when stress is localized or distributed?",synthetic,synthetic_concentration_scan,hybrid,Case C: Hybrid,ok,optimal,optimal,2140.517339210526,2140.517339210526,0.0,3.030999999959022,2140.517339210526,synthetic_hourly,24,1,1.8,1.2,0.5,2140.517339210526,917.286507631579,1214.3532,5.277631578947347,3.5999999999999996,2140.517339210526,101.19610000000002,869.0472684210526,18.947368421052634,18.240000000000002,10.555263157894695,0.4429803945064839,0.2441288980071998,1.0,3.1607142852962373,1.2565789472188233,,,,,0.95,,,,,0.95,,,,,,
E5,turnover_4,"Under a shared storage budget, does mobility win when the dominant stress site changes over time?",synthetic,synthetic_turnover_scan,no_storage,Case 0: No Storage,ok,optimal,optimal,2320.9257000000002,2320.9256999999816,0.0,2.2179999999934807,2320.9257000000002,synthetic_hourly,24,1,0.0,0.0,0.0,2320.9257000000002,911.9576999999999,1408.9680000000003,0.0,0.0,2320.9257000000002,117.41400000000003,853.85,0.0,0.0,0.0,0.0,0.2353677113235752,0.14285714285714285,0.0,0.0,,,,,,4,,,,,4,,,,,
E5,turnover_4,"Under a shared storage budget, does mobility win when the dominant stress site changes over time?",synthetic,synthetic_turnover_scan,fixed_only,Case A: Fixed Only,ok,optimal,optimal,2110.181663157895,2110.181663157895,0.0,2.0,2110.181663157895,synthetic_hourly,24,1,3.6,0.0,0.0,2110.181663157895,919.5416631578947,1187.0400000000002,0.0,3.6,2110.181663157895,98.92000000000002,873.1928421052631,22.73684210526316,21.888000000000005,0.0,0.0,0.236263272532351,0.14285714285714285,0.0,0.0,,,,,,4,,,,,4,,,,,
E5,turnover_4,"Under a shared storage budget, does mobility win when the dominant stress site changes over time?",synthetic,synthetic_turnover_scan,mobile_only,Case B: Mobile Only,ok,optimal,optimal,2160.5500721052636,2160.5500721052636,0.0,2.547000000020489,2160.5500721052636,synthetic_hourly,24,1,0.0,2.4,0.5,2160.5500721052636,919.9108721052631,1237.0392000000004,0.0,3.5999999999999996,2160.5500721052636,103.08660000000003,868.743294736842,15.157894736842106,14.592000000000002,1.2212453270876722e-15,0.3950365059232412,0.2370659919805439,0.14285714285714285,3.1071428567391584,7.269317422708208e-17,,,,,,4,,,,,4,,,,,
E5,turnover_4,"Under a shared storage budget, does mobility win when the dominant stress site changes over time?",synthetic,synthetic_turnover_scan,hybrid,Case C: Hybrid,ok,optimal,optimal,2122.541287631579,2122.541287631579,0.0,3.547000000020489,2122.541287631579,synthetic_hourly,24,1,1.8,1.2,0.5,2122.541287631579,921.4888876315789,1197.4524000000004,0.0,3.5999999999999996,2122.541287631579,99.78770000000003,872.1836684210526,18.947368421052634,18.240000000000002,3.3306690738754696e-16,0.44527701822723403,0.23679389234479944,0.14285714285714285,2.999999999625,3.9650822303320966e-17,,,,,,4,,,,,4,,,,,
E5,turnover_3,"Under a shared storage budget, does mobility win when the dominant stress site changes over time?",synthetic,synthetic_turnover_scan,no_storage,Case 0: No Storage,ok,optimal,optimal,2340.3987750000006,2340.3987749999906,0.0,1.6099999999860302,2340.3987750000006,synthetic_hourly,24,1,0.0,0.0,0.0,2340.3987750000006,912.5127749999999,1427.8860000000004,0.0,0.0,2340.3987750000006,118.99050000000004,854.2715,0.0,0.0,0.0,0.0,0.23490895666837588,0.2857142857142857,0.0,0.0,,,,,,3,,,,,3,,,,,
E5,turnover_3,"Under a shared storage budget, does mobility win when the dominant stress site changes over time?",synthetic,synthetic_turnover_scan,fixed_only,Case A: Fixed Only,ok,optimal,optimal,2120.703063157895,2120.703063157895,0.0,1.937000000034459,2120.703063157895,synthetic_hourly,24,1,3.6,0.0,0.0,2120.703063157895,921.3270631578947,1195.7760000000003,0.0,3.6,2120.703063157895,99.64800000000002,874.4628421052631,22.73684210526316,21.888000000000005,0.0,0.0,0.23624448265743367,0.2857142857142857,0.0,0.0,,,,,,3,,,,,3,,,,,
E5,turnover_3,"Under a shared storage budget, does mobility win when the dominant stress site changes over time?",synthetic,synthetic_turnover_scan,mobile_only,Case B: Mobile Only,ok,optimal,optimal,2180.0231471052634,2180.0231471052634,0.0,3.359000000054948,2180.0231471052634,synthetic_hourly,24,1,0.0,2.4,0.5,2180.0231471052634,920.4659471052631,1255.9572000000003,0.0,3.5999999999999996,2180.0231471052634,104.66310000000003,869.164794736842,15.157894736842104,14.592,9.992007221626409e-16,0.39403803739406446,0.23637383771050413,0.2857142857142857,3.053571428182079,5.947623345852171e-17,,,,,,3,,,,,3,,,,,
E5,turnover_3,"Under a shared storage budget, does mobility win when the dominant stress site changes over time?",synthetic,synthetic_turnover_scan,hybrid,Case C: Hybrid,ok,optimal,optimal,2141.260037631579,2141.260037631579,0.0,4.030999999959022,2141.260037631579,synthetic_hourly,24,1,1.8,1.2,0.5,2141.260037631579,922.147637631579,1215.5124000000003,0.0,3.5999999999999996,2141.260037631579,101.29270000000004,872.6766684210526,18.947368421052634,18.240000000000002,1.942890293094024e-16,0.4552524214161527,0.23657274699175732,0.2857142857142857,2.999999999625,2.3129646343603898e-17,,,,,,3,,,,,3,,,,,
E5,turnover_2,"Under a shared storage budget, does mobility win when the dominant stress site changes over time?",synthetic,synthetic_turnover_scan,no_storage,Case 0: No Storage,ok,optimal,optimal,2350.8434,2350.8434,0.0,1.7809999999590218,2350.8434,synthetic_hourly,24,1,0.0,0.0,0.0,2350.8434,912.7393999999999,1438.1040000000003,0.0,0.0,2350.8434,119.84200000000004,854.446,0.0,0.0,0.0,0.0,0.23467728374130836,0.42857142857142855,0.0,0.0,,,,,,2,,,,,2,,,,,
E5,turnover_2,"Under a shared storage budget, does mobility win when the dominant stress site changes over time?",synthetic,synthetic_turnover_scan,fixed_only,Case A: Fixed Only,ok,optimal,optimal,2123.978963157895,2123.978963157895,0.0,2.109000000054948,2123.978963157895,synthetic_hourly,24,1,3.6,0.0,0.0,2123.9789631578947,922.5389631578947,1197.8400000000001,0.0,3.6,2123.9789631578947,99.82000000000002,875.3168421052632,22.73684210526316,21.888000000000005,0.0,0.0,0.23651068200875525,0.42857142857142855,0.0,0.0,,,,,,2,,,,,2,,,,,
E5,turnover_2,"Under a shared storage budget, does mobility win when the dominant stress site changes over time?",synthetic,synthetic_turnover_scan,mobile_only,Case B: Mobile Only,ok,optimal,optimal,2190.4677721052635,2190.4677721052635,0.0,3.594000000040978,2190.4677721052635,synthetic_hourly,24,1,0.0,2.4,0.5,2190.4677721052635,920.6925721052631,1266.1752000000004,0.0,3.5999999999999996,2190.4677721052635,105.51460000000003,869.339294736842,15.157894736842104,14.592,4.440892098500626e-16,0.38368640350793926,0.23565557632430678,0.42857142857142855,2.999999999625,2.6433881537120757e-17,,,,,,2,,,,,2,,,,,
E5,turnover_2,"Under a shared storage budget, does mobility win when the dominant stress site changes over time?",synthetic,synthetic_turnover_scan,hybrid,Case C: Hybrid,ok,optimal,optimal,2151.3727060526317,2151.3727060526317,0.0,4.907000000006519,2151.3727060526317,synthetic_hourly,24,1,1.8,1.2,0.5,2151.372706052632,922.4779376315789,1224.8724000000004,0.42236842105264805,3.5999999999999996,2151.372706052632,102.07270000000004,872.9226684210525,18.947368421052637,18.24000000000001,0.8447368421053356,0.4219257869590602,0.23615698288803774,0.42857142857142855,2.999999999625,0.10056390976247281,,,,,,2,,,,,2,,,,,
E5,turnover_1,"Under a shared storage budget, does mobility win when the dominant stress site changes over time?",synthetic,synthetic_turnover_scan,no_storage,Case 0: No Storage,ok,optimal,optimal,2350.8434,2350.8434000000007,0.0,1.7190000000409782,2350.8434,synthetic_hourly,24,1,0.0,0.0,0.0,2350.8434,912.7393999999999,1438.1040000000003,0.0,0.0,2350.8434,119.84200000000004,854.446,0.0,0.0,0.0,0.0,0.23467728374130836,1.0,0.0,0.0,,,,,,1,,,,,1,,,,,
E5,turnover_1,"Under a shared storage budget, does mobility win when the dominant stress site changes over time?",synthetic,synthetic_turnover_scan,fixed_only,Case A: Fixed Only,ok,optimal,optimal,2123.978963157895,2123.978963157895,0.0,2.344000000040978,2123.978963157895,synthetic_hourly,24,1,3.6,0.0,0.0,2123.9789631578947,922.5389631578947,1197.8400000000001,0.0,3.6,2123.9789631578947,99.82000000000002,875.3168421052632,22.73684210526316,21.888000000000005,0.0,0.0,0.23642203395921801,1.0,0.0,0.0,,,,,,1,,,,,1,,,,,
E5,turnover_1,"Under a shared storage budget, does mobility win when the dominant stress site changes over time?",synthetic,synthetic_turnover_scan,mobile_only,Case B: Mobile Only,ok,optimal,optimal,2190.4677721052635,2190.4677721052635,0.0,3.547000000020489,2190.4677721052635,synthetic_hourly,24,1,0.0,2.4,0.5,2190.4677721052635,920.6925721052631,1266.1752000000004,0.0,3.5999999999999996,2190.4677721052635,105.51460000000003,869.339294736842,15.157894736842104,14.592,3.3306690738754696e-16,0.39879051021020917,0.23563581562816846,1.0,2.999999999625,1.9825411152840566e-17,,,,,,1,,,,,1,,,,,
E5,turnover_1,"Under a shared storage budget, does mobility win when the dominant stress site changes over time?",synthetic,synthetic_turnover_scan,hybrid,Case C: Hybrid,ok,optimal,optimal,2151.7950744736845,2151.7950744736845,0.0,4.0,2151.7950744736845,synthetic_hourly,24,1,1.8,1.2,0.5,2151.7950744736845,922.4779376315789,1224.8724000000004,0.844736842105257,3.5999999999999996,2151.7950744736845,102.07270000000003,872.9226684210525,18.947368421052634,18.240000000000002,1.6894736842105145,0.44362641629924426,0.23615784612335355,1.0,2.999999999625,0.20112781952492698,,,,,,1,,,,,1,,,,,
E6,d0_L3,"Under a shared storage budget, for a mobile resource with delay d and reconfiguration interval L, which intervention wins?",synthetic,synthetic_delay_interval_map,no_storage,Case 0: No Storage,ok,optimal,optimal,245.41161250000002,245.41161250000007,0.0,0.3280000000959262,245.41161250000002,synthetic_hourly,3,0,0.0,0.0,0.0,245.41161250000002,81.4436125,163.96800000000002,0.0,0.0,245.41161250000002,13.664,79.724375,0.0,0.0,0.0,0.0,0.23348023228092363,0.6,0.0,0.0,,,,,,,,,,,,0,3,,,
E6,d0_L3,"Under a shared storage budget, for a mobile resource with delay d and reconfiguration interval L, which intervention wins?",synthetic,synthetic_delay_interval_map,fixed_only,Case A: Fixed Only,ok,optimal,optimal,222.5652342105263,222.5652342105263,0.0,0.2809999999590218,222.5652342105263,synthetic_hourly,3,0,3.6,0.0,0.0,222.5652342105263,81.51423421052631,137.451,0.0,3.6,222.5652342105263,11.45425,80.71391447368421,1.515789473684211,2.736,0.0,0.0,0.23651347144489054,1.0,0.0,0.0,,,,,,,,,,,,0,3,,,
E6,d0_L3,"Under a shared storage budget, for a mobile resource with delay d and reconfiguration interval L, which intervention wins?",synthetic,synthetic_delay_interval_map,mobile_only,Case B: Mobile Only,ok,optimal,optimal,225.70371320415273,225.6911973076772,0.0,0.34399999992456287,225.70371320415273,synthetic_hourly,3,0,0.0,2.4,0.5,225.7037132041527,82.0481769736842,138.80542814229287,1.2501080881756403,3.5999999999999996,225.7037132041527,11.56711901185774,80.78527631578947,1.0609013157894733,2.0968809881422605,2.5002161763512807,0.742815934746152,0.2381040438390551,0.4,0.0,0.20835134801191077,,,,,,,,,,,,0,3,,,
E6,d0_L3,"Under a shared storage budget, for a mobile resource with delay d and reconfiguration interval L, which intervention wins?",synthetic,synthetic_delay_interval_map,hybrid,Case C: Hybrid,ok,optimal,optimal,221.13664628903905,221.12345184459463,0.0,0.4059999999590218,221.13664628903905,synthetic_hourly,3,0,1.8,1.2,0.5,221.13664628903908,82.18712434210526,134.69784019974668,0.6516817471871276,3.5999999999999996,221.13664628903908,11.224820016645555,81.03790789473685,1.313532894736843,2.439179983354444,1.3033634943742551,0.7441420776872371,0.23722145308060982,0.8,0.0,0.2172272490261713,,,,,,,,,,,,0,3,,,
E6,d0_L6,"Under a shared storage budget, for a mobile resource with delay d and reconfiguration interval L, which intervention wins?",synthetic,synthetic_delay_interval_map,no_storage,Case 0: No Storage,ok,optimal,optimal,378.17283125,378.17283124999955,0.0,0.39000000001396984,378.17283125,synthetic_hourly,6,0,0.0,0.0,0.0,378.17283124999994,151.94883124999998,226.224,0.0,0.0,378.17283124999994,18.852,156.44537499999998,0.0,0.0,0.0,0.0,0.22707846558371864,1.0,0.0,0.0,,,,,,,,,,,,0,6,,,
E6,d0_L6,"Under a shared storage budget, for a mobile resource with delay d and reconfiguration interval L, which intervention wins?",synthetic,synthetic_delay_interval_map,fixed_only,Case A: Fixed Only,ok,optimal,optimal,338.9661088815789,338.9661088815789,0.0,0.4220000000204891,338.9661088815789,synthetic_hourly,6,0,3.6,0.0,0.0,338.966108881579,151.65210888157895,183.714,0.0,3.6,338.966108881579,15.309499999999998,159.06324342105262,4.547368421052632,5.472000000000001,0.0,0.0,0.23053079575501825,1.0,0.0,0.0,,,,,,,,,,,,0,6,,,
E6,d0_L6,"Under a shared storage budget, for a mobile resource with delay d and reconfiguration interval L, which intervention wins?",synthetic,synthetic_delay_interval_map,mobile_only,Case B: Mobile Only,ok,optimal,optimal,339.43901229005843,339.40512618141065,0.0,10.625,339.43901229056644,synthetic_hourly,6,0,0.0,2.4,0.5,339.4390122900585,153.91420747656795,179.69119857420162,2.2336062392888785,3.5999999999999996,339.4390122900585,14.974266547850135,159.7315062488426,3.2861312488426497,3.877733452103453,4.46721247857776,0.6740819426810046,0.2365959427041035,0.4,0.0,0.3722677065171243,,,,,,,,,,,,0,6,,,
E6,d0_L6,"Under a shared storage budget, for a mobile resource with delay d and reconfiguration interval L, which intervention wins?",synthetic,synthetic_delay_interval_map,hybrid,Case C: Hybrid,ok,optimal,optimal,337.9971646938166,337.9653059644579,0.0,1.062999999965541,337.9971646938166,synthetic_hourly,6,0,1.8,1.2,0.5,337.99716469381667,152.8805883630421,180.31873266500634,1.1978436657681997,3.5999999999999996,337.99716469381667,15.026561055417194,159.5144333873493,3.9345583873492926,4.690938944582753,2.3956873315363922,0.6887444260471353,0.23251900611923842,0.4,0.0,0.39928122185618514,,,,,,,,,,,,0,6,,,
E6,d0_L12,"Under a shared storage budget, for a mobile resource with delay d and reconfiguration interval L, which intervention wins?",synthetic,synthetic_delay_interval_map,no_storage,Case 0: No Storage,ok,optimal,optimal,922.17220625,922.1722062500007,0.0,0.734000000054948,922.17220625,synthetic_hourly,12,0,0.0,0.0,0.0,922.17220625,340.18120625,581.991,0.0,0.0,922.17220625,48.499249999999996,318.881125,0.0,0.0,0.0,0.0,0.23579730306695507,1.0,0.0,0.0,,,,,,,,,,,,0,12,,,
E6,d0_L12,"Under a shared storage budget, for a mobile resource with delay d and reconfiguration interval L, which intervention wins?",synthetic,synthetic_delay_interval_map,fixed_only,Case A: Fixed Only,ok,optimal,optimal,838.5078523026316,838.5078523026314,0.0,0.8439999999245629,838.5078523026316,synthetic_hourly,12,0,3.6,0.0,0.0,838.5078523026316,343.37885230263157,491.529,0.0,3.6,838.5078523026316,40.96075,325.79057236842107,7.578947368421053,8.208,0.0,0.0,0.23491399859654097,1.0,0.0,0.0,,,,,,,,,,,,0,12,,,
E6,d0_L12,"Under a shared storage budget, for a mobile resource with delay d and reconfiguration interval L, which intervention wins?",synthetic,synthetic_delay_interval_map,mobile_only,Case B: Mobile Only,ok,optimal,optimal,861.2137210642269,861.1283133483432,0.0,12.062999999965541,861.2137210642356,synthetic_hourly,12,0,0.0,2.4,0.5,861.213721064227,343.2140486853166,508.98814714297055,5.411525235939805,3.5999999999999996,861.213721064227,42.415678928580874,324.3953839733042,5.514258973302574,6.083571071418646,10.82305047187961,0.5899424422930899,0.24106167917834645,1.0,0.0,0.901920872581474,,,,,,,,,,,,0,12,,,
E6,d0_L12,"Under a shared storage budget, for a mobile resource with delay d and reconfiguration interval L, which intervention wins?",synthetic,synthetic_delay_interval_map,hybrid,Case C: Hybrid,ok,optimal,optimal,846.2569689824853,846.2502610095403,0.0,1.1559999999590218,846.2569689824853,synthetic_hourly,12,0,1.8,1.2,0.5,846.2569689824854,343.78644715511587,496.0338428538588,2.836678973510741,3.5999999999999996,846.2569689824854,41.336153571154895,325.436108463847,6.554983463847025,7.163096428845101,5.673357947021482,0.6097003861930721,0.2393139791246019,1.0,0.0,0.9455596576793204,,,,,,,,,,,,0,12,,,
E6,d0_L24,"Under a shared storage budget, for a mobile resource with delay d and reconfiguration interval L, which intervention wins?",synthetic,synthetic_delay_interval_map,no_storage,Case 0: No Storage,ok,optimal,optimal,1836.09760625,1836.0976062499983,0.0,1.375,1836.09760625,synthetic_hourly,24,0,0.0,0.0,0.0,1836.09760625,680.24860625,1155.849,0.0,0.0,1836.09760625,96.32075,637.7005,0.0,0.0,0.0,0.0,0.23789913908318705,1.0,0.0,0.0,,,,,,,,,,,,0,24,,,
E6,d0_L24,"Under a shared storage budget, for a mobile resource with delay d and reconfiguration interval L, which intervention wins?",synthetic,synthetic_delay_interval_map,fixed_only,Case A: Fixed Only,ok,optimal,optimal,1675.8615575657896,1675.8615575657893,0.0,1.7030000000959262,1675.8615575657896,synthetic_hourly,24,0,3.6,0.0,0.0,1675.8615575657893,686.1225575657894,986.139,0.0,3.6,1675.8615575657893,82.17824999999999,652.1006842105263,16.673684210526318,16.416,0.0,0.0,0.23938120587153744,1.0,0.0,0.0,,,,,,,,,,,,0,24,,,
E6,d0_L24,"Under a shared storage budget, for a mobile resource with delay d and reconfiguration interval L, which intervention wins?",synthetic,synthetic_delay_interval_map,mobile_only,Case B: Mobile Only,ok,optimal,optimal,1714.8859220394736,1714.8859220394736,0.0,2.422000000020489,1714.8859220394736,synthetic_hourly,24,0,0.0,2.4,0.5,1714.8859220394736,686.3622904605263,1024.521,0.40263157894736756,3.5999999999999996,1714.8859220394736,85.37675,648.8162894736842,11.115789473684211,10.944,0.8052631578947359,0.3920302410746454,0.23884130560176786,1.0,0.0,0.06710526315230256,,,,,,,,,,,,0,24,,,
E6,d0_L24,"Under a shared storage budget, for a mobile resource with delay d and reconfiguration interval L, which intervention wins?",synthetic,synthetic_delay_interval_map,hybrid,Case C: Hybrid,ok,optimal,optimal,1685.11038125,1685.1103812499998,0.0,3.2969999999040738,1685.11038125,synthetic_hourly,24,0,1.8,1.2,0.5,1685.1103812499998,687.7449865131579,992.895,0.8703947368421049,3.5999999999999996,1685.1103812499998,82.74125,651.4947368421052,13.894736842105264,13.680000000000001,1.74078947368421,0.4297480656973046,0.23988410711064503,1.0,0.0,0.2901315788990131,,,,,,,,,,,,0,24,,,
E6,d0_L48,"Under a shared storage budget, for a mobile resource with delay d and reconfiguration interval L, which intervention wins?",synthetic,synthetic_delay_interval_map,no_storage,Case 0: No Storage,ok,optimal,optimal,3672.1952125,3672.195212499993,0.0,2.859000000054948,3672.1952125,synthetic_hourly,48,0,0.0,0.0,0.0,3672.1952125,1360.4972125,2311.698,0.0,0.0,3672.1952125,192.6415,1275.401,0.0,0.0,0.0,0.0,0.23789913908421584,1.0,0.0,0.0,,,,,,,,,,,,0,48,,,
E6,d0_L48,"Under a shared storage budget, for a mobile resource with delay d and reconfiguration interval L, which intervention wins?",synthetic,synthetic_delay_interval_map,fixed_only,Case A: Fixed Only,ok,optimal,optimal,3348.956799342105,3348.956799342105,0.0,3.125,3348.956799342105,synthetic_hourly,48,0,3.6,0.0,0.0,3348.956799342105,1373.0787993421052,1972.278,0.0,3.6,3348.956799342105,164.35649999999998,1305.7171578947368,34.863157894736844,32.832,0.0,0.0,0.23928855189780102,1.0,0.0,0.0,,,,,,,,,,,,0,48,,,
E6,d0_L48,"Under a shared storage budget, for a mobile resource with delay d and reconfiguration interval L, which intervention wins?",synthetic,synthetic_delay_interval_map,mobile_only,Case B: Mobile Only,ok,optimal,optimal,3426.3250019736843,3426.3250019736843,0.0,6.078000000095926,3426.3250019736843,synthetic_hourly,48,0,0.0,2.4,0.5,3426.325001973684,1373.2803703947368,2049.042,0.40263157894736723,3.5999999999999996,3426.325001973684,170.7535,1298.6431052631578,23.242105263157896,21.888,0.805263157894736,0.4121294021451761,0.23901252843280835,1.0,0.0,0.06710526315230256,,,,,,,,,,,,0,48,,,
E6,d0_L48,"Under a shared storage budget, for a mobile resource with delay d and reconfiguration interval L, which intervention wins?",synthetic,synthetic_delay_interval_map,hybrid,Case C: Hybrid,ok,optimal,optimal,3366.445104605263,3366.445104605263,0.0,6.530999999959022,3366.445104605263,synthetic_hourly,48,0,1.8,1.2,0.5,3366.4451046052627,1376.184709868421,1985.79,0.8703947368421049,3.5999999999999996,3366.4451046052627,165.4825,1304.2526315789473,29.05263157894737,27.360000000000003,1.74078947368421,0.44068930464053774,0.239336242469246,1.0,0.0,0.2901315788990131,,,,,,,,,,,,0,48,,,
E6,d1_L3,"Under a shared storage budget, for a mobile resource with delay d and reconfiguration interval L, which intervention wins?",synthetic,synthetic_delay_interval_map,no_storage,Case 0: No Storage,ok,optimal,optimal,245.41161250000002,245.41161250000007,0.0,0.21799999999348074,245.41161250000002,synthetic_hourly,3,1,0.0,0.0,0.0,245.41161250000002,81.4436125,163.96800000000002,0.0,0.0,245.41161250000002,13.664,79.724375,0.0,0.0,0.0,0.0,0.23348023228092363,0.6,0.0,0.0,,,,,,,,,,,,1,3,,,
E6,d1_L3,"Under a shared storage budget, for a mobile resource with delay d and reconfiguration interval L, which intervention wins?",synthetic,synthetic_delay_interval_map,fixed_only,Case A: Fixed Only,ok,optimal,optimal,222.5652342105263,222.5652342105263,0.0,0.25,222.5652342105263,synthetic_hourly,3,1,3.6,0.0,0.0,222.5652342105263,81.51423421052631,137.451,0.0,3.6,222.5652342105263,11.45425,80.71391447368421,1.515789473684211,2.736,0.0,0.0,0.23651347144489054,1.0,0.0,0.0,,,,,,,,,,,,1,3,,,
E6,d1_L3,"Under a shared storage budget, for a mobile resource with delay d and reconfiguration interval L, which intervention wins?",synthetic,synthetic_delay_interval_map,mobile_only,Case B: Mobile Only,ok,optimal,optimal,225.70371320415273,225.69051875970828,0.0,0.4220000000204891,225.70371320415273,synthetic_hourly,3,1,0.0,2.4,0.5,225.7037132041527,82.0481769736842,138.80542814229287,1.2501080881756408,3.5999999999999996,225.7037132041527,11.56711901185774,80.78527631578947,1.0609013157894736,2.096880988142261,2.500216176351281,0.6975476221690282,0.23739957346641857,0.4,1.4166666658194444,0.20835134801191083,,,,,,,,,,,,1,3,,,
E6,d1_L3,"Under a shared storage budget, for a mobile resource with delay d and reconfiguration interval L, which intervention wins?",synthetic,synthetic_delay_interval_map,hybrid,Case C: Hybrid,ok,optimal,optimal,221.13664628903913,221.12622732609577,0.0,0.43799999996554106,221.13664628903913,synthetic_hourly,3,1,1.8,1.2,0.5,221.13664628903913,82.18712434210526,134.69784019974674,0.6516817471871268,3.5999999999999996,221.13664628903913,11.224820016645563,81.03790789473685,1.3135328947368423,2.4391799833544434,1.3033634943742536,0.7053482238555178,0.23653274133876714,0.6,1.1666666661944445,0.21722724902617105,,,,,,,,,,,,1,3,,,
E6,d1_L6,"Under a shared storage budget, for a mobile resource with delay d and reconfiguration interval L, which intervention wins?",synthetic,synthetic_delay_interval_map,no_storage,Case 0: No Storage,ok,optimal,optimal,378.17283125,378.17283124999955,0.0,0.375,378.17283125,synthetic_hourly,6,1,0.0,0.0,0.0,378.17283124999994,151.94883124999998,226.224,0.0,0.0,378.17283124999994,18.852,156.44537499999998,0.0,0.0,0.0,0.0,0.22707846558371864,1.0,0.0,0.0,,,,,,,,,,,,1,6,,,
E6,d1_L6,"Under a shared storage budget, for a mobile resource with delay d and reconfiguration interval L, which intervention wins?",synthetic,synthetic_delay_interval_map,fixed_only,Case A: Fixed Only,ok,optimal,optimal,338.9661088815789,338.9661088815789,0.0,0.40600000007543713,338.9661088815789,synthetic_hourly,6,1,3.6,0.0,0.0,338.966108881579,151.65210888157895,183.714,0.0,3.6,338.966108881579,15.309499999999998,159.06324342105262,4.547368421052632,5.472000000000001,0.0,0.0,0.23053079575501825,1.0,0.0,0.0,,,,,,,,,,,,1,6,,,
E6,d1_L6,"Under a shared storage budget, for a mobile resource with delay d and reconfiguration interval L, which intervention wins?",synthetic,synthetic_delay_interval_map,mobile_only,Case B: Mobile Only,ok,optimal,optimal,339.4390122905826,339.4052725641694,0.0,9.375,339.4390122905839,synthetic_hourly,6,1,0.0,2.4,0.5,339.43901229058264,153.91420747658444,179.6911985747093,2.2336062392889042,3.5999999999999996,339.43901229058264,14.974266547892439,159.7315062488725,3.2861312488725076,3.877733452107445,4.467212478577848,0.5990050094751446,0.2321694785428213,0.4,3.8333333300277777,0.3722677065171317,,,,,,,,,,,,1,6,,,
E6,d1_L6,"Under a shared storage budget, for a mobile resource with delay d and reconfiguration interval L, which intervention wins?",synthetic,synthetic_delay_interval_map,hybrid,Case C: Hybrid,ok,optimal,optimal,337.99716469348493,337.96408986856346,0.0,5.655999999959022,337.99716469348493,synthetic_hourly,6,1,1.8,1.2,0.5,337.99716469348493,152.880588363042,180.31873266466872,1.1978436657742237,3.5999999999999996,337.99716469348493,15.02656105538906,159.51443338734916,3.9345583873492878,4.690938944611048,2.39568733156091,0.6284662658420281,0.2310399621675566,0.4,3.6666666634999996,0.39928122186027143,,,,,,,,,,,,1,6,,,
E6,d1_L12,"Under a shared storage budget, for a mobile resource with delay d and reconfiguration interval L, which intervention wins?",synthetic,synthetic_delay_interval_map,no_storage,Case 0: No Storage,ok,optimal,optimal,922.17220625,922.1722062500007,0.0,0.6870000000344589,922.17220625,synthetic_hourly,12,1,0.0,0.0,0.0,922.17220625,340.18120625,581.991,0.0,0.0,922.17220625,48.499249999999996,318.881125,0.0,0.0,0.0,0.0,0.23579730306695507,1.0,0.0,0.0,,,,,,,,,,,,1,12,,,
E6,d1_L12,"Under a shared storage budget, for a mobile resource with delay d and reconfiguration interval L, which intervention wins?",synthetic,synthetic_delay_interval_map,fixed_only,Case A: Fixed Only,ok,optimal,optimal,838.5078523026316,838.5078523026314,0.0,0.734000000054948,838.5078523026316,synthetic_hourly,12,1,3.6,0.0,0.0,838.5078523026316,343.37885230263157,491.529,0.0,3.6,838.5078523026316,40.96075,325.79057236842107,7.578947368421053,8.208,0.0,0.0,0.23491399859654097,1.0,0.0,0.0,,,,,,,,,,,,1,12,,,
E6,d1_L12,"Under a shared storage budget, for a mobile resource with delay d and reconfiguration interval L, which intervention wins?",synthetic,synthetic_delay_interval_map,mobile_only,Case B: Mobile Only,ok,optimal,optimal,860.8604612656271,860.7784764486476,0.0,20.79700000002049,860.8618256115426,synthetic_hourly,12,1,0.0,2.4,0.5,860.8604612656271,343.1383957958607,510.4790754848229,3.642989984943542,3.5999999999999996,860.8604612656271,42.53992295706857,324.2578332652012,5.376708265201247,5.959327042931427,7.285979969887084,0.5270844303279765,0.2393736258027004,1.0,6.8571428510204075,0.6071649974399932,,,,,,,,,,,,1,12,,,
E6,d1_L12,"Under a shared storage budget, for a mobile resource with delay d and reconfiguration interval L, which intervention wins?",synthetic,synthetic_delay_interval_map,hybrid,Case C: Hybrid,ok,optimal,optimal,846.0179136826167,845.9341745988287,0.0,1.7190000000409782,846.0179136826167,synthetic_hourly,12,1,1.8,1.2,0.5,846.0179136826167,343.7533358661622,496.6799487099532,1.9846291065013535,3.5999999999999996,846.0179136826167,41.38999572582943,325.3759061202949,6.494781120294945,7.109254274170569,3.969258213002707,0.5728337077199368,0.2382296312051236,1.0,5.523809519464852,0.661543035390194,,,,,,,,,,,,1,12,,,
E6,d1_L24,"Under a shared storage budget, for a mobile resource with delay d and reconfiguration interval L, which intervention wins?",synthetic,synthetic_delay_interval_map,no_storage,Case 0: No Storage,ok,optimal,optimal,1836.09760625,1836.0976062499983,0.0,1.422000000020489,1836.09760625,synthetic_hourly,24,1,0.0,0.0,0.0,1836.09760625,680.24860625,1155.849,0.0,0.0,1836.09760625,96.32075,637.7005,0.0,0.0,0.0,0.0,0.23789913908318705,1.0,0.0,0.0,,,,,,,,,,,,1,24,,,
E6,d1_L24,"Under a shared storage budget, for a mobile resource with delay d and reconfiguration interval L, which intervention wins?",synthetic,synthetic_delay_interval_map,fixed_only,Case A: Fixed Only,ok,optimal,optimal,1675.8615575657896,1675.8615575657893,0.0,1.484000000054948,1675.8615575657896,synthetic_hourly,24,1,3.6,0.0,0.0,1675.8615575657893,686.1225575657894,986.139,0.0,3.6,1675.8615575657893,82.17824999999999,652.1006842105263,16.673684210526318,16.416,0.0,0.0,0.23938120587153744,1.0,0.0,0.0,,,,,,,,,,,,1,24,,,
E6,d1_L24,"Under a shared storage budget, for a mobile resource with delay d and reconfiguration interval L, which intervention wins?",synthetic,synthetic_delay_interval_map,mobile_only,Case B: Mobile Only,ok,optimal,optimal,1716.9011165131576,1716.9011165131576,0.0,2.25,1716.9011165131576,synthetic_hourly,24,1,0.0,2.4,0.5,1716.9011165131576,686.0402454605263,1027.1861999999999,0.07467105263157889,3.5999999999999996,1716.9011165131576,85.59884999999997,648.5941894736842,11.115789473684202,10.944,0.1493421052631584,0.404668509379921,0.23899373511809222,1.0,2.999999999625,0.012445175437559434,,,,,,,,,,,,1,24,,,
E6,d1_L24,"Under a shared storage budget, for a mobile resource with delay d and reconfiguration interval L, which intervention wins?",synthetic,synthetic_delay_interval_map,hybrid,Case C: Hybrid,ok,optimal,optimal,1689.0521866447368,1689.0521866447368,0.0,2.672000000020489,1689.0521866447368,synthetic_hourly,24,1,1.8,1.2,0.5,1689.0521866447366,687.1672340131579,997.6764,0.6085526315789477,3.5999999999999996,1689.0521866447366,83.13969999999999,651.0962868421052,13.894736842105265,13.680000000000001,1.2171052631578954,0.438834414592977,0.2396167900533381,1.0,3.071428571034439,0.20285087715917408,,,,,,,,,,,,1,24,,,
E6,d1_L48,"Under a shared storage budget, for a mobile resource with delay d and reconfiguration interval L, which intervention wins?",synthetic,synthetic_delay_interval_map,no_storage,Case 0: No Storage,ok,optimal,optimal,3672.1952125,3672.195212499993,0.0,2.75,3672.1952125,synthetic_hourly,48,1,0.0,0.0,0.0,3672.1952125,1360.4972125,2311.698,0.0,0.0,3672.1952125,192.6415,1275.401,0.0,0.0,0.0,0.0,0.23789913908421584,1.0,0.0,0.0,,,,,,,,,,,,1,48,,,
E6,d1_L48,"Under a shared storage budget, for a mobile resource with delay d and reconfiguration interval L, which intervention wins?",synthetic,synthetic_delay_interval_map,fixed_only,Case A: Fixed Only,ok,optimal,optimal,3348.956799342105,3348.956799342105,0.0,3.5469999999040738,3348.956799342105,synthetic_hourly,48,1,3.6,0.0,0.0,3348.956799342105,1373.0787993421052,1972.278,0.0,3.6,3348.956799342105,164.35649999999998,1305.7171578947368,34.863157894736844,32.832,0.0,0.0,0.23928855189780102,1.0,0.0,0.0,,,,,,,,,,,,1,48,,,
E6,d1_L48,"Under a shared storage budget, for a mobile resource with delay d and reconfiguration interval L, which intervention wins?",synthetic,synthetic_delay_interval_map,mobile_only,Case B: Mobile Only,ok,optimal,optimal,3430.6833514473683,3430.6833514473683,0.0,5.85999999998603,3430.6833514473683,synthetic_hourly,48,1,0.0,2.4,0.5,3430.6833514473683,1372.6362803947368,2054.3724,0.07467105263157847,3.5999999999999996,3430.6833514473683,171.1977,1298.198905263158,23.242105263157896,21.888,0.14934210526315778,0.3986236903015675,0.23881499990281932,1.0,2.9999999998125,0.012445175437559384,,,,,,,,,,,,1,48,,,
E6,d1_L48,"Under a shared storage budget, for a mobile resource with delay d and reconfiguration interval L, which intervention wins?",synthetic,synthetic_delay_interval_map,hybrid,Case C: Hybrid,ok,optimal,optimal,3374.5905574999997,3374.5905574999997,0.0,6.968999999924563,3374.5905574999997,synthetic_hourly,48,1,1.8,1.2,0.5,3374.5905574999997,1375.029204868421,1995.3528,0.6085526315789477,3.5999999999999996,3374.5905574999997,166.27939999999998,1303.4557315789473,29.05263157894737,27.360000000000003,1.2171052631578956,0.42237267376217935,0.23933044501839246,1.0,2.9999999998125,0.2028508771591741,,,,,,,,,,,,1,48,,,
E6,d2_L3,"Under a shared storage budget, for a mobile resource with delay d and reconfiguration interval L, which intervention wins?",synthetic,synthetic_delay_interval_map,no_storage,Case 0: No Storage,ok,optimal,optimal,245.41161250000002,245.41161250000007,0.0,0.25,245.41161250000002,synthetic_hourly,3,2,0.0,0.0,0.0,245.41161250000002,81.4436125,163.96800000000002,0.0,0.0,245.41161250000002,13.664,79.724375,0.0,0.0,0.0,0.0,0.23348023228092363,0.6,0.0,0.0,,,,,,,,,,,,2,3,,,
E6,d2_L3,"Under a shared storage budget, for a mobile resource with delay d and reconfiguration interval L, which intervention wins?",synthetic,synthetic_delay_interval_map,fixed_only,Case A: Fixed Only,ok,optimal,optimal,222.5652342105263,222.5652342105263,0.0,0.26500000001396984,222.5652342105263,synthetic_hourly,3,2,3.6,0.0,0.0,222.5652342105263,81.51423421052631,137.451,0.0,3.6,222.5652342105263,11.45425,80.71391447368421,1.515789473684211,2.736,0.0,0.0,0.23651347144489054,1.0,0.0,0.0,,,,,,,,,,,,2,3,,,
E6,d2_L3,"Under a shared storage budget, for a mobile resource with delay d and reconfiguration interval L, which intervention wins?",synthetic,synthetic_delay_interval_map,mobile_only,Case B: Mobile Only,ok,optimal,optimal,225.7037132041527,225.6911973076772,0.0,0.39000000001396984,225.7037132041527,synthetic_hourly,3,2,0.0,2.4,0.5,225.7037132041527,82.0481769736842,138.80542814229287,1.2501080881756408,3.5999999999999996,225.7037132041527,11.56711901185774,80.78527631578947,1.060901315789474,2.0968809881422605,2.5002161763512816,0.6520040708166133,0.229403377458305,0.6,2.833333331638889,0.20835134801191085,,,,,,,,,,,,2,3,,,
E6,d2_L3,"Under a shared storage budget, for a mobile resource with delay d and reconfiguration interval L, which intervention wins?",synthetic,synthetic_delay_interval_map,hybrid,Case C: Hybrid,ok,optimal,optimal,221.13664628903905,221.12622732609574,0.0,0.4839999999385327,221.13664628903905,synthetic_hourly,3,2,1.8,1.2,0.5,221.13664628903908,82.18712434210526,134.69784019974668,0.6516817471871273,3.5999999999999996,221.13664628903908,11.224820016645555,81.03790789473685,1.3135328947368428,2.4391799833544447,1.3033634943742547,0.6317769037679353,0.2332857576600512,1.0,3.333333330888889,0.21722724902617124,,,,,,,,,,,,2,3,,,
E6,d2_L6,"Under a shared storage budget, for a mobile resource with delay d and reconfiguration interval L, which intervention wins?",synthetic,synthetic_delay_interval_map,no_storage,Case 0: No Storage,ok,optimal,optimal,378.17283125,378.17283124999955,0.0,0.40600000007543713,378.17283125,synthetic_hourly,6,2,0.0,0.0,0.0,378.17283124999994,151.94883124999998,226.224,0.0,0.0,378.17283124999994,18.852,156.44537499999998,0.0,0.0,0.0,0.0,0.22707846558371864,1.0,0.0,0.0,,,,,,,,,,,,2,6,,,
E6,d2_L6,"Under a shared storage budget, for a mobile resource with delay d and reconfiguration interval L, which intervention wins?",synthetic,synthetic_delay_interval_map,fixed_only,Case A: Fixed Only,ok,optimal,optimal,338.9661088815789,338.9661088815789,0.0,0.4369999999180436,338.9661088815789,synthetic_hourly,6,2,3.6,0.0,0.0,338.966108881579,151.65210888157895,183.714,0.0,3.6,338.966108881579,15.309499999999998,159.06324342105262,4.547368421052632,5.472000000000001,0.0,0.0,0.23053079575501825,1.0,0.0,0.0,,,,,,,,,,,,2,6,,,
E6,d2_L6,"Under a shared storage budget, for a mobile resource with delay d and reconfiguration interval L, which intervention wins?",synthetic,synthetic_delay_interval_map,mobile_only,Case B: Mobile Only,ok,optimal,optimal,338.8463749242318,338.8125155162803,0.0,3.672000000020489,338.85411242008314,synthetic_hourly,6,2,0.0,2.4,0.5,338.84637492423184,153.8970656674867,179.91604763351614,1.4332616232289679,3.5999999999999996,338.84637492423184,14.993003969459679,159.71074456292556,3.2653695629255495,3.85899603054032,2.866523246457949,0.5814149681154109,0.23321942232681822,0.6,5.3333333291111105,0.23887693718492267,,,,,,,,,,,,2,6,,,
E6,d2_L6,"Under a shared storage budget, for a mobile resource with delay d and reconfiguration interval L, which intervention wins?",synthetic,synthetic_delay_interval_map,hybrid,Case C: Hybrid,ok,optimal,optimal,337.608003749553,337.59334185436023,0.0,2.7660000000614673,337.6080037495532,synthetic_hourly,6,2,1.8,1.2,0.5,337.608003749553,152.87440742512018,180.4404409517243,0.693155372708508,3.5999999999999996,337.608003749553,15.036703412643691,159.50319531840032,3.923320318400324,4.680796587356308,1.3863107454170023,0.6456389606291506,0.2325290945976289,0.6,6.333333328499999,0.2310517908643251,,,,,,,,,,,,2,6,,,
E6,d2_L12,"Under a shared storage budget, for a mobile resource with delay d and reconfiguration interval L, which intervention wins?",synthetic,synthetic_delay_interval_map,no_storage,Case 0: No Storage,ok,optimal,optimal,922.17220625,922.1722062500007,0.0,0.7809999999590218,922.17220625,synthetic_hourly,12,2,0.0,0.0,0.0,922.17220625,340.18120625,581.991,0.0,0.0,922.17220625,48.499249999999996,318.881125,0.0,0.0,0.0,0.0,0.23579730306695507,1.0,0.0,0.0,,,,,,,,,,,,2,12,,,
E6,d2_L12,"Under a shared storage budget, for a mobile resource with delay d and reconfiguration interval L, which intervention wins?",synthetic,synthetic_delay_interval_map,fixed_only,Case A: Fixed Only,ok,optimal,optimal,838.5078523026316,838.5078523026314,0.0,0.875,838.5078523026316,synthetic_hourly,12,2,3.6,0.0,0.0,838.5078523026316,343.37885230263157,491.529,0.0,3.6,838.5078523026316,40.96075,325.79057236842107,7.578947368421053,8.208,0.0,0.0,0.23491399859654097,1.0,0.0,0.0,,,,,,,,,,,,2,12,,,
E6,d2_L12,"Under a shared storage budget, for a mobile resource with delay d and reconfiguration interval L, which intervention wins?",synthetic,synthetic_delay_interval_map,mobile_only,Case B: Mobile Only,ok,optimal,optimal,862.5621753037245,862.4793321595796,0.0,4.89000000001397,862.5621753037245,synthetic_hourly,12,2,0.0,2.4,0.5,862.5621753037246,342.9309625838769,512.7310028122718,3.3002099075759794,3.5999999999999996,862.5621753037246,42.72758356768931,324.06240015250347,5.292325152504372,5.882716432303394,6.600419815153509,0.5074948784134563,0.24013402955172553,1.0,9.047619041929705,0.5500349845502894,,,,,,,,,,,,2,12,,,
E6,d2_L12,"Under a shared storage budget, for a mobile resource with delay d and reconfiguration interval L, which intervention wins?",synthetic,synthetic_delay_interval_map,hybrid,Case C: Hybrid,ok,optimal,optimal,847.3601064702611,847.3570690032275,0.0,0.9689999999245629,847.3601064702611,synthetic_hourly,12,2,1.8,1.2,0.5,847.3601064702613,343.58153369325436,498.4731290865367,1.7054436904701358,3.5999999999999996,847.3601064702613,41.53942742387806,325.22071126046245,6.435636260462477,7.055872576121941,3.4108873809402716,0.5234003977894889,0.23869695068386348,1.0,8.380952375818593,0.568481230061965,,,,,,,,,,,,2,12,,,
E6,d2_L24,"Under a shared storage budget, for a mobile resource with delay d and reconfiguration interval L, which intervention wins?",synthetic,synthetic_delay_interval_map,no_storage,Case 0: No Storage,ok,optimal,optimal,1836.09760625,1836.0976062499983,0.0,1.297000000020489,1836.09760625,synthetic_hourly,24,2,0.0,0.0,0.0,1836.09760625,680.24860625,1155.849,0.0,0.0,1836.09760625,96.32075,637.7005,0.0,0.0,0.0,0.0,0.23789913908318705,1.0,0.0,0.0,,,,,,,,,,,,2,24,,,
E6,d2_L24,"Under a shared storage budget, for a mobile resource with delay d and reconfiguration interval L, which intervention wins?",synthetic,synthetic_delay_interval_map,fixed_only,Case A: Fixed Only,ok,optimal,optimal,1675.8615575657896,1675.8615575657893,0.0,1.6560000000754371,1675.8615575657896,synthetic_hourly,24,2,3.6,0.0,0.0,1675.8615575657893,686.1225575657894,986.139,0.0,3.6,1675.8615575657893,82.17824999999999,652.1006842105263,16.673684210526318,16.416,0.0,0.0,0.23938120587153744,1.0,0.0,0.0,,,,,,,,,,,,2,24,,,
E6,d2_L24,"Under a shared storage budget, for a mobile resource with delay d and reconfiguration interval L, which intervention wins?",synthetic,synthetic_delay_interval_map,mobile_only,Case B: Mobile Only,ok,optimal,optimal,1717.9980229605262,1717.9980229605262,0.0,2.094000000040978,1717.9980229605262,synthetic_hourly,24,2,0.0,2.4,0.5,1717.9980229605262,685.8792229605262,1028.5188,0.0,3.5999999999999996,1717.9980229605262,85.70989999999999,648.4831394736842,11.115789473684211,10.944,1.1102230246251565e-16,0.38814153112704464,0.23909224573916976,1.0,5.99999999925,9.251858537771982e-18,,,,,,,,,,,,2,24,,,
E6,d2_L24,"Under a shared storage budget, for a mobile resource with delay d and reconfiguration interval L, which intervention wins?",synthetic,synthetic_delay_interval_map,hybrid,Case C: Hybrid,ok,optimal,optimal,1689.294491513158,1689.294491513158,0.0,2.8290000000270084,1689.294491513158,synthetic_hourly,24,2,1.8,1.2,0.5,1689.2944915131577,687.0502915131578,998.6442,0.0,3.5999999999999996,1689.2944915131577,83.22035,651.0156368421052,13.894736842105264,13.680000000000001,0.0,0.43854143822845637,0.23966117148051425,1.0,5.99999999925,0.0,,,,,,,,,,,,2,24,,,
E6,d2_L48,"Under a shared storage budget, for a mobile resource with delay d and reconfiguration interval L, which intervention wins?",synthetic,synthetic_delay_interval_map,no_storage,Case 0: No Storage,ok,optimal,optimal,3672.1952125,3672.195212499993,0.0,2.6570000000065193,3672.1952125,synthetic_hourly,48,2,0.0,0.0,0.0,3672.1952125,1360.4972125,2311.698,0.0,0.0,3672.1952125,192.6415,1275.401,0.0,0.0,0.0,0.0,0.23789913908421584,1.0,0.0,0.0,,,,,,,,,,,,2,48,,,
E6,d2_L48,"Under a shared storage budget, for a mobile resource with delay d and reconfiguration interval L, which intervention wins?",synthetic,synthetic_delay_interval_map,fixed_only,Case A: Fixed Only,ok,optimal,optimal,3348.956799342105,3348.956799342105,0.0,3.547000000020489,3348.956799342105,synthetic_hourly,48,2,3.6,0.0,0.0,3348.956799342105,1373.0787993421052,1972.278,0.0,3.6,3348.956799342105,164.35649999999998,1305.7171578947368,34.863157894736844,32.832,0.0,0.0,0.23928855189780102,1.0,0.0,0.0,,,,,,,,,,,,2,48,,,
E6,d2_L48,"Under a shared storage budget, for a mobile resource with delay d and reconfiguration interval L, which intervention wins?",synthetic,synthetic_delay_interval_map,mobile_only,Case B: Mobile Only,ok,optimal,optimal,3432.951835394737,3432.951835394737,0.0,5.10999999998603,3432.951835394737,synthetic_hourly,48,2,0.0,2.4,0.5,3432.9518353947365,1372.3142353947367,2057.0376,0.0,3.5999999999999996,3432.9518353947365,171.41979999999998,1297.976805263158,23.242105263157892,21.888,6.661338147750939e-16,0.3917866715393942,0.2392454065848284,1.0,5.999999999625,5.55111512266319e-17,,,,,,,,,,,,2,48,,,
E6,d2_L48,"Under a shared storage budget, for a mobile resource with delay d and reconfiguration interval L, which intervention wins?",synthetic,synthetic_delay_interval_map,hybrid,Case C: Hybrid,ok,optimal,optimal,3375.683719868421,3375.683719868421,0.0,5.407000000006519,3375.683719868421,synthetic_hourly,48,2,1.8,1.2,0.5,3375.683719868421,1374.795319868421,1997.2884,0.0,3.5999999999999996,3375.683719868421,166.4407,1303.2944315789473,29.05263157894737,27.360000000000003,2.220446049250313e-16,0.41600461154393525,0.2393712013292148,1.0,5.999999999625,3.7007434148003976e-17,,,,,,,,,,,,2,48,,,
E6,d3_L3,"Under a shared storage budget, for a mobile resource with delay d and reconfiguration interval L, which intervention wins?",synthetic,synthetic_delay_interval_map,no_storage,Case 0: No Storage,ok,optimal,optimal,245.41161250000002,245.41161250000007,0.0,0.25,245.41161250000002,synthetic_hourly,3,3,0.0,0.0,0.0,245.41161250000002,81.4436125,163.96800000000002,0.0,0.0,245.41161250000002,13.664,79.724375,0.0,0.0,0.0,0.0,0.23348023228092363,0.6,0.0,0.0,,,,,,,,,,,,3,3,,,
E6,d3_L3,"Under a shared storage budget, for a mobile resource with delay d and reconfiguration interval L, which intervention wins?",synthetic,synthetic_delay_interval_map,fixed_only,Case A: Fixed Only,ok,optimal,optimal,222.5652342105263,222.5652342105263,0.0,0.2809999999590218,222.5652342105263,synthetic_hourly,3,3,3.6,0.0,0.0,222.5652342105263,81.51423421052631,137.451,0.0,3.6,222.5652342105263,11.45425,80.71391447368421,1.515789473684211,2.736,0.0,0.0,0.23651347144489054,1.0,0.0,0.0,,,,,,,,,,,,3,3,,,
E6,d3_L3,"Under a shared storage budget, for a mobile resource with delay d and reconfiguration interval L, which intervention wins?",synthetic,synthetic_delay_interval_map,mobile_only,Case B: Mobile Only,ok,optimal,optimal,225.94683154890106,225.9242478071064,0.0,3.01500000001397,225.94683154890106,synthetic_hourly,3,3,0.0,2.4,0.5,225.94683154890106,82.0481769736842,139.06633577167096,1.2323188035458812,3.5999999999999996,225.94683154890106,11.588861314305912,80.78527631578947,1.0609013157894736,2.075138685694092,2.4646376070917584,0.6617176745847518,0.2316576349497486,0.6,3.9999999976666665,0.205386467240531,,,,,,,,,,,,3,3,,,
E6,d3_L3,"Under a shared storage budget, for a mobile resource with delay d and reconfiguration interval L, which intervention wins?",synthetic,synthetic_delay_interval_map,hybrid,Case C: Hybrid,ok,optimal,optimal,221.33531874958305,221.31365595862684,0.0,3.077999999979511,221.33875877666566,synthetic_hourly,3,3,1.8,1.2,0.5,221.33531874958302,82.17587434210526,134.8587726487693,0.7006717587084766,3.5999999999999996,221.33531874958302,11.238231054064109,81.02540789473684,1.3010328947368424,2.4257689459359133,1.4013435174169309,0.6537561376941368,0.23361966448507002,0.8,4.999999996333333,0.2335572528638956,,,,,,,,,,,,3,3,,,
E6,d3_L6,"Under a shared storage budget, for a mobile resource with delay d and reconfiguration interval L, which intervention wins?",synthetic,synthetic_delay_interval_map,no_storage,Case 0: No Storage,ok,optimal,optimal,378.17283125,378.17283124999955,0.0,0.48499999998603016,378.17283125,synthetic_hourly,6,3,0.0,0.0,0.0,378.17283124999994,151.94883124999998,226.224,0.0,0.0,378.17283124999994,18.852,156.44537499999998,0.0,0.0,0.0,0.0,0.22707846558371864,1.0,0.0,0.0,,,,,,,,,,,,3,6,,,
E6,d3_L6,"Under a shared storage budget, for a mobile resource with delay d and reconfiguration interval L, which intervention wins?",synthetic,synthetic_delay_interval_map,fixed_only,Case A: Fixed Only,ok,optimal,optimal,338.9661088815789,338.9661088815789,0.0,0.4529999999795109,338.9661088815789,synthetic_hourly,6,3,3.6,0.0,0.0,338.966108881579,151.65210888157895,183.714,0.0,3.6,338.966108881579,15.309499999999998,159.06324342105262,4.547368421052632,5.472000000000001,0.0,0.0,0.23053079575501825,1.0,0.0,0.0,,,,,,,,,,,,3,6,,,
E6,d3_L6,"Under a shared storage budget, for a mobile resource with delay d and reconfiguration interval L, which intervention wins?",synthetic,synthetic_delay_interval_map,mobile_only,Case B: Mobile Only,ok,optimal,optimal,338.59232625495406,338.5668125686461,0.0,1.8900000000139698,338.59232625495406,synthetic_hourly,6,3,0.0,2.4,0.5,338.59232625495406,153.87067619507266,180.25410127853874,0.867548781342623,3.5999999999999996,338.59232625495406,15.021175106544895,159.67953000659844,3.2341550065984466,3.8308248934551035,1.735097562685246,0.5590196390448879,0.2327468062648407,0.6,8.09999999363,0.14459146354505456,,,,,,,,,,,,3,6,,,
E6,d3_L6,"Under a shared storage budget, for a mobile resource with delay d and reconfiguration interval L, which intervention wins?",synthetic,synthetic_delay_interval_map,hybrid,Case C: Hybrid,ok,optimal,optimal,337.58832170321637,337.56974064610006,0.0,1.062000000034459,337.58832170321637,synthetic_hourly,6,3,1.8,1.2,0.5,337.5883217032164,152.8612403143275,180.69971333333334,0.4273680555555557,3.5999999999999996,337.5883217032164,15.058309444444443,159.47925511695905,3.899380116959065,4.659190555555556,0.8547361111111111,0.550867437340751,0.23084610612861967,0.6,9.499999992749999,0.14245601849477585,,,,,,,,,,,,3,6,,,
E6,d3_L12,"Under a shared storage budget, for a mobile resource with delay d and reconfiguration interval L, which intervention wins?",synthetic,synthetic_delay_interval_map,no_storage,Case 0: No Storage,ok,optimal,optimal,922.17220625,922.1722062500007,0.0,0.8120000000344589,922.17220625,synthetic_hourly,12,3,0.0,0.0,0.0,922.17220625,340.18120625,581.991,0.0,0.0,922.17220625,48.499249999999996,318.881125,0.0,0.0,0.0,0.0,0.23579730306695507,1.0,0.0,0.0,,,,,,,,,,,,3,12,,,
E6,d3_L12,"Under a shared storage budget, for a mobile resource with delay d and reconfiguration interval L, which intervention wins?",synthetic,synthetic_delay_interval_map,fixed_only,Case A: Fixed Only,ok,optimal,optimal,838.5078523026316,838.5078523026314,0.0,0.8599999999860302,838.5078523026316,synthetic_hourly,12,3,3.6,0.0,0.0,838.5078523026316,343.37885230263157,491.529,0.0,3.6,838.5078523026316,40.96075,325.79057236842107,7.578947368421053,8.208,0.0,0.0,0.23491399859654097,1.0,0.0,0.0,,,,,,,,,,,,3,12,,,
E6,d3_L12,"Under a shared storage budget, for a mobile resource with delay d and reconfiguration interval L, which intervention wins?",synthetic,synthetic_delay_interval_map,mobile_only,Case B: Mobile Only,ok,optimal,optimal,862.104545060968,862.0218832640221,0.0,2.0,862.1091397849237,synthetic_hourly,12,3,0.0,2.4,0.5,862.104545060968,342.86034335208365,514.0696717939503,1.5745299149340857,3.5999999999999996,862.104545060968,42.83913931616252,323.934001549243,5.163926549243019,5.7711606838374765,3.1490598298681713,0.45085261071232263,0.2372251984559508,1.0,20.571428553061224,0.2624216524671458,,,,,,,,,,,,3,12,,,
E6,d3_L12,"Under a shared storage budget, for a mobile resource with delay d and reconfiguration interval L, which intervention wins?",synthetic,synthetic_delay_interval_map,hybrid,Case C: Hybrid,ok,optimal,optimal,847.0893320062634,847.0151144583018,0.0,1.5160000000614673,847.0893320062634,synthetic_hourly,12,3,1.8,1.2,0.5,847.0893320062634,343.55458169973195,499.05283648350905,0.8819138230223545,3.5999999999999996,847.0893320062634,41.58773637362575,325.1717076358764,6.386632635876352,7.007563626374247,1.763827646044709,0.46472833439938904,0.23644086587500343,1.0,16.571428558394558,0.29397127429178965,,,,,,,,,,,,3,12,,,
E6,d3_L24,"Under a shared storage budget, for a mobile resource with delay d and reconfiguration interval L, which intervention wins?",synthetic,synthetic_delay_interval_map,no_storage,Case 0: No Storage,ok,optimal,optimal,1836.09760625,1836.0976062499983,0.0,1.3599999999860302,1836.09760625,synthetic_hourly,24,3,0.0,0.0,0.0,1836.09760625,680.24860625,1155.849,0.0,0.0,1836.09760625,96.32075,637.7005,0.0,0.0,0.0,0.0,0.23789913908318705,1.0,0.0,0.0,,,,,,,,,,,,3,24,,,
E6,d3_L24,"Under a shared storage budget, for a mobile resource with delay d and reconfiguration interval L, which intervention wins?",synthetic,synthetic_delay_interval_map,fixed_only,Case A: Fixed Only,ok,optimal,optimal,1675.8615575657896,1675.8615575657893,0.0,1.5,1675.8615575657896,synthetic_hourly,24,3,3.6,0.0,0.0,1675.8615575657893,686.1225575657894,986.139,0.0,3.6,1675.8615575657893,82.17824999999999,652.1006842105263,16.673684210526318,16.416,0.0,0.0,0.23938120587153744,1.0,0.0,0.0,,,,,,,,,,,,3,24,,,
E6,d3_L24,"Under a shared storage budget, for a mobile resource with delay d and reconfiguration interval L, which intervention wins?",synthetic,synthetic_delay_interval_map,mobile_only,Case B: Mobile Only,ok,optimal,optimal,1717.9980229605262,1717.998022960526,0.0,2.23499999998603,1717.9980229605262,synthetic_hourly,24,3,0.0,2.4,0.5,1717.9980229605262,685.8792229605262,1028.5188,0.0,3.5999999999999996,1717.9980229605262,85.70989999999999,648.4831394736842,11.11578947368421,10.944,3.0531133177191805e-16,0.3806640853424658,0.2389723073039567,1.0,8.999999998875,2.5442610978872952e-17,,,,,,,,,,,,3,24,,,
E6,d3_L24,"Under a shared storage budget, for a mobile resource with delay d and reconfiguration interval L, which intervention wins?",synthetic,synthetic_delay_interval_map,hybrid,Case C: Hybrid,ok,optimal,optimal,1689.294491513158,1689.2944915131577,0.0,2.5,1689.294491513158,synthetic_hourly,24,3,1.8,1.2,0.5,1689.2944915131577,687.0502915131578,998.6442,0.0,3.5999999999999996,1689.2944915131577,83.22035,651.0156368421052,13.894736842105265,13.680000000000001,7.979727989493313e-17,0.41633417092839,0.23955140257055665,1.0,8.999999998875,1.329954664693893e-17,,,,,,,,,,,,3,24,,,
E6,d3_L48,"Under a shared storage budget, for a mobile resource with delay d and reconfiguration interval L, which intervention wins?",synthetic,synthetic_delay_interval_map,no_storage,Case 0: No Storage,ok,optimal,optimal,3672.1952125,3672.195212499993,0.0,2.875,3672.1952125,synthetic_hourly,48,3,0.0,0.0,0.0,3672.1952125,1360.4972125,2311.698,0.0,0.0,3672.1952125,192.6415,1275.401,0.0,0.0,0.0,0.0,0.23789913908421584,1.0,0.0,0.0,,,,,,,,,,,,3,48,,,
E6,d3_L48,"Under a shared storage budget, for a mobile resource with delay d and reconfiguration interval L, which intervention wins?",synthetic,synthetic_delay_interval_map,fixed_only,Case A: Fixed Only,ok,optimal,optimal,3348.956799342105,3348.956799342105,0.0,3.312999999965541,3348.956799342105,synthetic_hourly,48,3,3.6,0.0,0.0,3348.956799342105,1373.0787993421052,1972.278,0.0,3.6,3348.956799342105,164.35649999999998,1305.7171578947368,34.863157894736844,32.832,0.0,0.0,0.23928855189780102,1.0,0.0,0.0,,,,,,,,,,,,3,48,,,
E6,d3_L48,"Under a shared storage budget, for a mobile resource with delay d and reconfiguration interval L, which intervention wins?",synthetic,synthetic_delay_interval_map,mobile_only,Case B: Mobile Only,ok,optimal,optimal,3432.951835394737,3432.951835394737,0.0,4.594000000040978,3432.951835394737,synthetic_hourly,48,3,0.0,2.4,0.5,3432.9518353947365,1372.3142353947367,2057.0376,0.0,3.5999999999999996,3432.9518353947365,171.41979999999998,1297.976805263158,23.242105263157892,21.888,1.3877787807814457e-17,0.3809974719780063,0.23957847336463753,1.0,9.314285713681599,1.1564823172214978e-18,,,,,,,,,,,,3,48,,,
E6,d3_L48,"Under a shared storage budget, for a mobile resource with delay d and reconfiguration interval L, which intervention wins?",synthetic,synthetic_delay_interval_map,hybrid,Case C: Hybrid,ok,optimal,optimal,3375.683719868421,3375.683719868421,0.0,5.217999999993481,3375.683719868421,synthetic_hourly,48,3,1.8,1.2,0.5,3375.683719868421,1374.795319868421,1997.2884,0.0,3.5999999999999996,3375.683719868421,166.4407,1303.2944315789473,29.05263157894737,27.360000000000003,1.249000902703301e-16,0.4104134837951088,0.23942918489087076,1.0,8.9999999994375,2.0816681708252238e-17,,,,,,,,,,,,3,48,,,
E6,d4_L3,"Under a shared storage budget, for a mobile resource with delay d and reconfiguration interval L, which intervention wins?",synthetic,synthetic_delay_interval_map,no_storage,Case 0: No Storage,ok,optimal,optimal,245.41161250000002,245.41161250000007,0.0,0.26599999994505197,245.41161250000002,synthetic_hourly,3,4,0.0,0.0,0.0,245.41161250000002,81.4436125,163.96800000000002,0.0,0.0,245.41161250000002,13.664,79.724375,0.0,0.0,0.0,0.0,0.23348023228092363,0.6,0.0,0.0,,,,,,,,,,,,4,3,,,
E6,d4_L3,"Under a shared storage budget, for a mobile resource with delay d and reconfiguration interval L, which intervention wins?",synthetic,synthetic_delay_interval_map,fixed_only,Case A: Fixed Only,ok,optimal,optimal,222.5652342105263,222.5652342105263,0.0,0.2970000000204891,222.5652342105263,synthetic_hourly,3,4,3.6,0.0,0.0,222.5652342105263,81.51423421052631,137.451,0.0,3.6,222.5652342105263,11.45425,80.71391447368421,1.515789473684211,2.736,0.0,0.0,0.23651347144489054,1.0,0.0,0.0,,,,,,,,,,,,4,3,,,
E6,d4_L3,"Under a shared storage budget, for a mobile resource with delay d and reconfiguration interval L, which intervention wins?",synthetic,synthetic_delay_interval_map,mobile_only,Case B: Mobile Only,ok,optimal,optimal,225.78890720633598,225.7683375836342,0.0,0.48499999998603016,225.78890720633598,synthetic_hourly,3,4,0.0,2.4,0.5,225.78890720633598,81.9994019736842,139.4366522479974,0.752852984654383,3.5999999999999996,225.78890720633598,11.619721020666448,80.73490131578947,1.0105263157894737,2.044278979333552,1.505705969308766,0.6109436934591063,0.23114023835773959,0.6,5.666666663277778,0.12547549743194086,,,,,,,,,,,,4,3,,,
E6,d4_L3,"Under a shared storage budget, for a mobile resource with delay d and reconfiguration interval L, which intervention wins?",synthetic,synthetic_delay_interval_map,hybrid,Case C: Hybrid,ok,optimal,optimal,221.3387385253306,221.32516590082727,0.0,1.1559999999590218,221.3387385253306,synthetic_hourly,3,4,1.8,1.2,0.5,221.33873852533063,82.13834934210526,135.27949220736954,0.32089697585582055,3.5999999999999996,221.33873852533063,11.273291017280794,80.98753289473684,1.2631578947368423,2.3907089827192065,0.6417939517116411,0.6303144064506423,0.2346793414259938,1.0,5.666666663277778,0.10696565860077924,,,,,,,,,,,,4,3,,,
E6,d4_L6,"Under a shared storage budget, for a mobile resource with delay d and reconfiguration interval L, which intervention wins?",synthetic,synthetic_delay_interval_map,no_storage,Case 0: No Storage,ok,optimal,optimal,378.17283125,378.17283124999955,0.0,0.4220000000204891,378.17283125,synthetic_hourly,6,4,0.0,0.0,0.0,378.17283124999994,151.94883124999998,226.224,0.0,0.0,378.17283124999994,18.852,156.44537499999998,0.0,0.0,0.0,0.0,0.22707846558371864,1.0,0.0,0.0,,,,,,,,,,,,4,6,,,
E6,d4_L6,"Under a shared storage budget, for a mobile resource with delay d and reconfiguration interval L, which intervention wins?",synthetic,synthetic_delay_interval_map,fixed_only,Case A: Fixed Only,ok,optimal,optimal,338.9661088815789,338.9661088815789,0.0,0.45400000002700835,338.9661088815789,synthetic_hourly,6,4,3.6,0.0,0.0,338.966108881579,151.65210888157895,183.714,0.0,3.6,338.966108881579,15.309499999999998,159.06324342105262,4.547368421052632,5.472000000000001,0.0,0.0,0.23053079575501825,1.0,0.0,0.0,,,,,,,,,,,,4,6,,,
E6,d4_L6,"Under a shared storage budget, for a mobile resource with delay d and reconfiguration interval L, which intervention wins?",synthetic,synthetic_delay_interval_map,mobile_only,Case B: Mobile Only,ok,optimal,optimal,339.66419967105264,339.66419967105264,0.0,0.5150000000139698,339.66419967105264,synthetic_hourly,6,4,0.0,2.4,0.5,339.66419967105264,153.6161996710526,182.448,0.0,3.5999999999999996,339.66419967105264,15.203999999999999,159.47695394736843,3.0315789473684207,3.6479999999999997,0.0,0.489781189948383,0.23078715132718197,0.6,10.999999991416665,0.0,,,,,,,,,,,,4,6,,,
E6,d4_L6,"Under a shared storage budget, for a mobile resource with delay d and reconfiguration interval L, which intervention wins?",synthetic,synthetic_delay_interval_map,hybrid,Case C: Hybrid,ok,optimal,optimal,338.2680667763158,338.2680667763158,0.0,0.5629999999655411,338.2680667763158,synthetic_hourly,6,4,1.8,1.2,0.5,338.2680667763158,152.7780667763158,181.89,0.0,3.5999999999999996,338.2680667763158,15.157499999999999,159.36934868421054,3.789473684210527,4.5600000000000005,4.440892098500626e-16,0.4984622928734518,0.23125657573528402,0.6,15.466666653395555,7.401486829600795e-17,,,,,,,,,,,,4,6,,,
E6,d4_L12,"Under a shared storage budget, for a mobile resource with delay d and reconfiguration interval L, which intervention wins?",synthetic,synthetic_delay_interval_map,no_storage,Case 0: No Storage,ok,optimal,optimal,922.17220625,922.1722062500007,0.0,0.7349999999860302,922.17220625,synthetic_hourly,12,4,0.0,0.0,0.0,922.17220625,340.18120625,581.991,0.0,0.0,922.17220625,48.499249999999996,318.881125,0.0,0.0,0.0,0.0,0.23579730306695507,1.0,0.0,0.0,,,,,,,,,,,,4,12,,,
E6,d4_L12,"Under a shared storage budget, for a mobile resource with delay d and reconfiguration interval L, which intervention wins?",synthetic,synthetic_delay_interval_map,fixed_only,Case A: Fixed Only,ok,optimal,optimal,838.5078523026316,838.5078523026314,0.0,0.7820000000065193,838.5078523026316,synthetic_hourly,12,4,3.6,0.0,0.0,838.5078523026316,343.37885230263157,491.529,0.0,3.6,838.5078523026316,40.96075,325.79057236842107,7.578947368421053,8.208,0.0,0.0,0.23491399859654097,1.0,0.0,0.0,,,,,,,,,,,,4,12,,,
E6,d4_L12,"Under a shared storage budget, for a mobile resource with delay d and reconfiguration interval L, which intervention wins?",synthetic,synthetic_delay_interval_map,mobile_only,Case B: Mobile Only,ok,optimal,optimal,863.4561120285096,863.4561120285096,0.0,0.9529999999795109,863.4561120285096,synthetic_hourly,12,4,0.0,2.4,0.5,863.4561120285096,342.68450861842103,516.0492623242202,1.1223410858683094,3.5999999999999996,863.4561120285096,43.00410519368502,323.74365657894737,5.052631578947368,5.685244806314978,2.2446821717366188,0.43812856580856074,0.23761499276912024,1.0,18.09523808385941,0.18705684762913016,,,,,,,,,,,,4,12,,,
E6,d4_L12,"Under a shared storage budget, for a mobile resource with delay d and reconfiguration interval L, which intervention wins?",synthetic,synthetic_delay_interval_map,hybrid,Case C: Hybrid,ok,optimal,optimal,847.9638069969144,847.9638069969144,0.0,0.9370000000344589,847.9638069969144,synthetic_hourly,12,4,1.8,1.2,0.5,847.9638069969145,343.4450754605263,500.3494592991914,0.5692722371967655,3.5999999999999996,847.9638069969145,41.69578827493261,325.0522144736842,6.3157894736842115,6.948161725067386,1.138544474393531,0.44400142950874033,0.23728421787626813,1.0,16.761904751637186,0.18975741236729557,,,,,,,,,,,,4,12,,,
E6,d4_L24,"Under a shared storage budget, for a mobile resource with delay d and reconfiguration interval L, which intervention wins?",synthetic,synthetic_delay_interval_map,no_storage,Case 0: No Storage,ok,optimal,optimal,1836.09760625,1836.0976062499983,0.0,1.375,1836.09760625,synthetic_hourly,24,4,0.0,0.0,0.0,1836.09760625,680.24860625,1155.849,0.0,0.0,1836.09760625,96.32075,637.7005,0.0,0.0,0.0,0.0,0.23789913908318705,1.0,0.0,0.0,,,,,,,,,,,,4,24,,,
E6,d4_L24,"Under a shared storage budget, for a mobile resource with delay d and reconfiguration interval L, which intervention wins?",synthetic,synthetic_delay_interval_map,fixed_only,Case A: Fixed Only,ok,optimal,optimal,1675.8615575657896,1675.8615575657893,0.0,1.875,1675.8615575657896,synthetic_hourly,24,4,3.6,0.0,0.0,1675.8615575657893,686.1225575657894,986.139,0.0,3.6,1675.8615575657893,82.17824999999999,652.1006842105263,16.673684210526318,16.416,0.0,0.0,0.23938120587153744,1.0,0.0,0.0,,,,,,,,,,,,4,24,,,
E6,d4_L24,"Under a shared storage budget, for a mobile resource with delay d and reconfiguration interval L, which intervention wins?",synthetic,synthetic_delay_interval_map,mobile_only,Case B: Mobile Only,ok,optimal,optimal,1719.1696004605262,1719.169600460526,0.0,1.8280000000959262,1719.1696004605262,synthetic_hourly,24,4,0.0,2.4,0.5,1719.1696004605262,685.7182004605263,1029.8514,0.0,3.5999999999999996,1719.1696004605262,85.82095,648.3720894736842,11.11578947368421,10.944,5.551115123125783e-17,0.38715525249644317,0.23912674922040206,1.0,11.9999999985,4.625929268885991e-18,,,,,,,,,,,,4,24,,,
E6,d4_L24,"Under a shared storage budget, for a mobile resource with delay d and reconfiguration interval L, which intervention wins?",synthetic,synthetic_delay_interval_map,hybrid,Case C: Hybrid,ok,optimal,optimal,1690.1453490131578,1690.1453490131576,0.0,2.155999999959022,1690.1453490131578,synthetic_hourly,24,4,1.8,1.2,0.5,1690.1453490131578,686.9333490131579,999.612,0.0,3.5999999999999996,1690.1453490131578,83.301,650.9349868421052,13.894736842105265,13.680000000000001,2.220446049250313e-16,0.39900251279008875,0.23935949290852104,1.0,11.9999999985,3.7007434148003976e-17,,,,,,,,,,,,4,24,,,
E6,d4_L48,"Under a shared storage budget, for a mobile resource with delay d and reconfiguration interval L, which intervention wins?",synthetic,synthetic_delay_interval_map,no_storage,Case 0: No Storage,ok,optimal,optimal,3672.1952125,3672.195212499993,0.0,2.922000000020489,3672.1952125,synthetic_hourly,48,4,0.0,0.0,0.0,3672.1952125,1360.4972125,2311.698,0.0,0.0,3672.1952125,192.6415,1275.401,0.0,0.0,0.0,0.0,0.23789913908421584,1.0,0.0,0.0,,,,,,,,,,,,4,48,,,
E6,d4_L48,"Under a shared storage budget, for a mobile resource with delay d and reconfiguration interval L, which intervention wins?",synthetic,synthetic_delay_interval_map,fixed_only,Case A: Fixed Only,ok,optimal,optimal,3348.956799342105,3348.956799342105,0.0,3.5320000000065193,3348.956799342105,synthetic_hourly,48,4,3.6,0.0,0.0,3348.956799342105,1373.0787993421052,1972.278,0.0,3.6,3348.956799342105,164.35649999999998,1305.7171578947368,34.863157894736844,32.832,0.0,0.0,0.23928855189780102,1.0,0.0,0.0,,,,,,,,,,,,4,48,,,
E6,d4_L48,"Under a shared storage budget, for a mobile resource with delay d and reconfiguration interval L, which intervention wins?",synthetic,synthetic_delay_interval_map,mobile_only,Case B: Mobile Only,ok,optimal,optimal,3435.294990394737,3435.294990394737,0.0,3.875,3435.294990394737,synthetic_hourly,48,4,0.0,2.4,0.5,3435.294990394737,1371.9921903947368,2059.7028,0.0,3.5999999999999996,3435.294990394737,171.6419,1297.7547052631578,23.242105263157892,21.888,2.7755575615628914e-16,0.36503459277481304,0.23885983349283402,1.0,11.99999999925,2.3129646344429958e-17,,,,,,,,,,,,4,48,,,
E6,d4_L48,"Under a shared storage budget, for a mobile resource with delay d and reconfiguration interval L, which intervention wins?",synthetic,synthetic_delay_interval_map,hybrid,Case C: Hybrid,ok,optimal,optimal,3377.385434868421,3377.385434868421,0.0,5.219000000040978,3377.385434868421,synthetic_hourly,48,4,1.8,1.2,0.5,3377.385434868421,1374.561434868421,1999.224,0.0,3.5999999999999996,3377.385434868421,166.602,1303.1331315789473,29.052631578947373,27.360000000000003,1.1102230246251565e-16,0.38805103252811696,0.23920000544715694,1.0,11.99999999925,1.8503717074001988e-17,,,,,,,,,,,,4,48,,,
E7,conc0.35_res5,"Under a shared storage budget, when does mobile storage become preferable across spatial concentration and hotspot movement?",synthetic,synthetic_concentration_turnover_map,no_storage,Case 0: No Storage,ok,optimal,optimal,2405.4158,2405.415800000003,0.0,2.202999999979511,2405.4158,synthetic_hourly,24,1,0.0,0.0,0.0,2405.4158,915.2558,1490.1600000000003,0.0,0.0,2405.4158,124.18000000000002,856.318,0.0,0.0,0.0,0.0,0.20986799163414202,0.14285714285714285,0.0,0.0,,,,,,,,,,,,,,0.35,5,
E7,conc0.35_res5,"Under a shared storage budget, when does mobile storage become preferable across spatial concentration and hotspot movement?",synthetic,synthetic_concentration_turnover_map,fixed_only,Case A: Fixed Only,ok,optimal,optimal,2158.865063157895,2158.865063157895,0.0,1.9679999999934807,2158.865063157895,synthetic_hourly,24,1,3.6,0.0,0.0,2158.865063157895,927.7610631578947,1227.5040000000004,0.0,3.6,2158.865063157895,102.29200000000003,879.0548421052631,22.73684210526316,21.888000000000005,0.0,0.0,0.2107882131679047,0.14285714285714285,0.0,0.0,,,,,,,,,,,,,,0.35,5,
E7,conc0.35_res5,"Under a shared storage budget, when does mobile storage become preferable across spatial concentration and hotspot movement?",synthetic,synthetic_concentration_turnover_map,mobile_only,Case B: Mobile Only,ok,optimal,optimal,2242.2486421052636,2242.2486421052636,0.0,2.155999999959022,2242.2486421052636,synthetic_hourly,24,1,0.0,2.4,0.5,2242.248642105263,923.5926421052632,1315.0560000000003,0.0,3.5999999999999996,2242.248642105263,109.58800000000002,871.4758947368421,15.157894736842104,14.592,1.1102230246251565e-16,0.37410938356552587,0.21010711530163073,0.2857142857142857,2.6416666663746065,6.608470384280189e-18,,,,,,,,,,,,,,0.35,5,
E7,conc0.35_res5,"Under a shared storage budget, when does mobile storage become preferable across spatial concentration and hotspot movement?",synthetic,synthetic_concentration_turnover_map,hybrid,Case C: Hybrid,ok,optimal,optimal,2200.556852631579,2200.556852631579,0.0,2.48499999998603,2200.556852631579,synthetic_hourly,24,1,1.8,1.2,0.5,2200.556852631579,925.6768526315789,1271.2800000000004,0.0,3.5999999999999996,2200.556852631579,105.94000000000004,875.2653684210526,18.947368421052623,18.24,8.992806499463768e-15,0.4252715015058296,0.21047551003136555,0.14285714285714285,2.7583333330145603,1.070572202189666e-15,,,,,,,,,,,,,,0.35,5,
E7,conc0.35_res4,"Under a shared storage budget, when does mobile storage become preferable across spatial concentration and hotspot movement?",synthetic,synthetic_concentration_turnover_map,no_storage,Case 0: No Storage,ok,optimal,optimal,2457.9772000000003,2457.977200000002,0.0,2.0,2457.9772000000003,synthetic_hourly,24,1,0.0,0.0,0.0,2457.9772000000003,915.3532,1542.6240000000003,0.0,0.0,2457.9772000000003,128.55200000000002,856.3919999999999,0.0,0.0,0.0,0.0,0.20925272775648995,0.14285714285714285,0.0,0.0,,,,,,,,,,,,,,0.35,4,
E7,conc0.35_res4,"Under a shared storage budget, when does mobile storage become preferable across spatial concentration and hotspot movement?",synthetic,synthetic_concentration_turnover_map,fixed_only,Case A: Fixed Only,ok,optimal,optimal,2211.426463157895,2211.426463157895,0.0,2.01500000001397,2211.426463157895,synthetic_hourly,24,1,3.6,0.0,0.0,2211.426463157895,927.8584631578947,1279.9680000000003,0.0,3.6,2211.426463157895,106.66400000000003,879.1288421052632,22.73684210526316,21.888000000000005,0.0,0.0,0.2102856993776905,0.14285714285714285,0.0,0.0,,,,,,,,,,,,,,0.35,4,
E7,conc0.35_res4,"Under a shared storage budget, when does mobile storage become preferable across spatial concentration and hotspot movement?",synthetic,synthetic_concentration_turnover_map,mobile_only,Case B: Mobile Only,ok,optimal,optimal,2294.8100421052636,2294.810042105263,0.0,2.515999999945052,2294.8100421052636,synthetic_hourly,24,1,0.0,2.4,0.5,2294.8100421052636,923.6900421052632,1367.5200000000004,0.0,3.5999999999999996,2294.8100421052636,113.96000000000002,871.549894736842,15.157894736842104,14.592,3.885780586188048e-16,0.3727931372204995,0.20948221229756916,0.2857142857142857,2.6416666663746065,2.3129646344980663e-17,,,,,,,,,,,,,,0.35,4,
E7,conc0.35_res4,"Under a shared storage budget, when does mobile storage become preferable across spatial concentration and hotspot movement?",synthetic,synthetic_concentration_turnover_map,hybrid,Case C: Hybrid,ok,optimal,optimal,2253.1182526315793,2253.1182526315793,0.0,2.844000000040978,2253.1182526315793,synthetic_hourly,24,1,1.8,1.2,0.5,2253.1182526315793,925.774252631579,1323.7440000000004,0.0,3.5999999999999996,2253.1182526315793,110.31200000000003,875.3393684210525,18.947368421052634,18.240000000000002,8.881784197001252e-16,0.4223498092543804,0.20985465860839322,0.14285714285714285,2.833333332997685,1.0573552614218925e-16,,,,,,,,,,,,,,0.35,4,
E7,conc0.35_res3,"Under a shared storage budget, when does mobile storage become preferable across spatial concentration and hotspot movement?",synthetic,synthetic_concentration_turnover_map,no_storage,Case 0: No Storage,ok,optimal,optimal,2559.5014000000006,2559.5013999999987,0.0,2.202999999979511,2559.5014000000006,synthetic_hourly,24,1,0.0,0.0,0.0,2559.5014000000006,915.6454,1643.8560000000004,0.0,0.0,2559.5014000000006,136.98800000000003,856.6139999999999,0.0,0.0,0.0,0.0,0.20797662959555568,0.2857142857142857,0.0,0.0,,,,,,,,,,,,,,0.35,3,
E7,conc0.35_res3,"Under a shared storage budget, when does mobile storage become preferable across spatial concentration and hotspot movement?",synthetic,synthetic_concentration_turnover_map,fixed_only,Case A: Fixed Only,ok,optimal,optimal,2312.950663157895,2312.950663157895,0.0,2.155999999959022,2312.950663157895,synthetic_hourly,24,1,3.6,0.0,0.0,2312.9506631578947,928.1506631578948,1381.2000000000003,0.0,3.6,2312.9506631578947,115.10000000000002,879.3508421052632,22.73684210526316,21.888000000000005,0.0,0.0,0.2090152347663866,0.2857142857142857,0.0,0.0,,,,,,,,,,,,,,0.35,3,
E7,conc0.35_res3,"Under a shared storage budget, when does mobile storage become preferable across spatial concentration and hotspot movement?",synthetic,synthetic_concentration_turnover_map,mobile_only,Case B: Mobile Only,ok,optimal,optimal,2396.3342421052635,2396.3342421052635,0.0,2.25,2396.3342421052635,synthetic_hourly,24,1,0.0,2.4,0.5,2396.3342421052635,923.9822421052631,1468.7520000000004,0.0,3.5999999999999996,2396.3342421052635,122.39600000000003,871.7718947368421,15.157894736842104,14.592,3.885780586188048e-16,0.37297187385701225,0.20824914824149984,0.42857142857142855,2.533333333065185,2.3129646344980663e-17,,,,,,,,,,,,,,0.35,3,
E7,conc0.35_res3,"Under a shared storage budget, when does mobile storage become preferable across spatial concentration and hotspot movement?",synthetic,synthetic_concentration_turnover_map,hybrid,Case C: Hybrid,ok,optimal,optimal,2354.6424526315786,2354.6424526315786,0.0,2.827999999979511,2354.6424526315786,synthetic_hourly,24,1,1.8,1.2,0.5,2354.6424526315786,926.066452631579,1424.9759999999999,0.0,3.5999999999999996,2354.6424526315786,118.74799999999999,875.5613684210525,18.94736842105261,18.24,5.623279619726418e-14,0.4198514083040984,0.20847733787203707,0.42857142857142855,2.886904761554764,6.694380498877357e-15,,,,,,,,,,,,,,0.35,3,
E7,conc0.35_res2,"Under a shared storage budget, when does mobile storage become preferable across spatial concentration and hotspot movement?",synthetic,synthetic_concentration_turnover_map,no_storage,Case 0: No Storage,ok,optimal,optimal,2612.0628,2612.0627999999974,0.0,1.922000000020489,2612.0628,synthetic_hourly,24,1,0.0,0.0,0.0,2612.0628000000006,915.7428,1696.3200000000004,0.0,0.0,2612.0628000000006,141.36000000000004,856.688,0.0,0.0,0.0,0.0,0.20736136571790362,0.42857142857142855,0.0,0.0,,,,,,,,,,,,,,0.35,2,
E7,conc0.35_res2,"Under a shared storage budget, when does mobile storage become preferable across spatial concentration and hotspot movement?",synthetic,synthetic_concentration_turnover_map,fixed_only,Case A: Fixed Only,ok,optimal,optimal,2365.512063157895,2365.512063157895,0.0,2.172000000020489,2365.512063157895,synthetic_hourly,24,1,3.6,0.0,0.0,2365.5120631578948,928.2480631578948,1433.6640000000002,0.0,3.6,2365.5120631578948,119.47200000000002,879.4248421052631,22.73684210526316,21.888000000000005,0.0,0.0,0.20851580239222278,0.2857142857142857,0.0,0.0,,,,,,,,,,,,,,0.35,2,
E7,conc0.35_res2,"Under a shared storage budget, when does mobile storage become preferable across spatial concentration and hotspot movement?",synthetic,synthetic_concentration_turnover_map,mobile_only,Case B: Mobile Only,ok,optimal,optimal,2448.8956421052635,2448.8956421052635,0.0,2.327999999979511,2448.8956421052635,synthetic_hourly,24,1,0.0,2.4,0.5,2448.8956421052635,924.0796421052631,1521.2160000000003,0.0,3.5999999999999996,2448.8956421052635,126.76800000000003,871.8458947368421,15.157894736842104,14.592,8.881784197001252e-16,0.37033433559404283,0.20762706908042478,0.42857142857142855,2.499999999738889,5.2867763074241514e-17,,,,,,,,,,,,,,0.35,2,
E7,conc0.35_res2,"Under a shared storage budget, when does mobile storage become preferable across spatial concentration and hotspot movement?",synthetic,synthetic_concentration_turnover_map,hybrid,Case C: Hybrid,ok,optimal,optimal,2407.203852631579,2407.203852631579,0.0,2.73499999998603,2407.203852631579,synthetic_hourly,24,1,1.8,1.2,0.5,2407.203852631579,926.163852631579,1477.4400000000003,0.0,3.5999999999999996,2407.203852631579,123.12000000000003,875.6353684210526,18.947368421052634,18.240000000000002,5.551115123125783e-16,0.4156645879002427,0.20830052465154228,0.14285714285714285,3.035714285325751,6.608470383886828e-17,,,,,,,,,,,,,,0.35,2,
E7,conc0.35_res1,"Under a shared storage budget, when does mobile storage become preferable across spatial concentration and hotspot movement?",synthetic,synthetic_concentration_turnover_map,no_storage,Case 0: No Storage,ok,optimal,optimal,2612.0628,2612.0627999999965,0.0,1.75,2612.0628,synthetic_hourly,24,1,0.0,0.0,0.0,2612.0628000000006,915.7428,1696.3200000000004,0.0,0.0,2612.0628000000006,141.36000000000004,856.688,0.0,0.0,0.0,0.0,0.20736136571790362,1.0,0.0,0.0,,,,,,,,,,,,,,0.35,1,
E7,conc0.35_res1,"Under a shared storage budget, when does mobile storage become preferable across spatial concentration and hotspot movement?",synthetic,synthetic_concentration_turnover_map,fixed_only,Case A: Fixed Only,ok,optimal,optimal,2365.512063157895,2365.512063157895,0.0,2.0,2365.512063157895,synthetic_hourly,24,1,3.6,0.0,0.0,2365.5120631578948,928.2480631578948,1433.6640000000002,0.0,3.6,2365.5120631578948,119.47200000000002,879.4248421052631,22.73684210526316,21.888000000000005,0.0,0.0,0.2084781106016805,0.42857142857142855,0.0,0.0,,,,,,,,,,,,,,0.35,1,
E7,conc0.35_res1,"Under a shared storage budget, when does mobile storage become preferable across spatial concentration and hotspot movement?",synthetic,synthetic_concentration_turnover_map,mobile_only,Case B: Mobile Only,ok,optimal,optimal,2448.8956421052635,2448.8956421052635,0.0,2.3589999999385327,2448.8956421052635,synthetic_hourly,24,1,0.0,2.4,0.5,2448.8956421052635,924.0796421052631,1521.2160000000003,0.0,3.5999999999999996,2448.8956421052635,126.76800000000003,871.8458947368421,15.157894736842104,14.592,4.996003610813204e-16,0.38239807771298595,0.20765270225208352,1.0,2.4666666664125927,2.9738116729260854e-17,,,,,,,,,,,,,,0.35,1,
E7,conc0.35_res1,"Under a shared storage budget, when does mobile storage become preferable across spatial concentration and hotspot movement?",synthetic,synthetic_concentration_turnover_map,hybrid,Case C: Hybrid,ok,optimal,optimal,2407.2038526315796,2407.203852631579,0.0,2.51500000001397,2407.2038526315796,synthetic_hourly,24,1,1.8,1.2,0.5,2407.2038526315796,926.163852631579,1477.4400000000005,0.0,3.5999999999999996,2407.2038526315796,123.12000000000003,875.6353684210526,18.947368421052627,18.239999999999995,9.409140133698202e-15,0.41052849163747246,0.20793977629412658,0.7142857142857143,2.928571428211593,1.1201357300688173e-15,,,,,,,,,,,,,,0.35,1,
E7,conc0.50_res5,"Under a shared storage budget, when does mobile storage become preferable across spatial concentration and hotspot movement?",synthetic,synthetic_concentration_turnover_map,no_storage,Case 0: No Storage,ok,optimal,optimal,2371.0128500000005,2371.0128500000205,0.0,1.6099999999860302,2371.0128500000005,synthetic_hourly,24,1,0.0,0.0,0.0,2371.0128500000005,914.98085,1456.0320000000006,0.0,0.0,2371.0128500000005,121.33600000000004,856.084,0.0,0.0,0.0,0.0,0.21788830381207022,0.14285714285714285,0.0,0.0,,,,,,,,,,,,,,0.5,5,
E7,conc0.50_res5,"Under a shared storage budget, when does mobile storage become preferable across spatial concentration and hotspot movement?",synthetic,synthetic_concentration_turnover_map,fixed_only,Case A: Fixed Only,ok,optimal,optimal,2130.211863157895,2130.2118631578946,0.0,2.077999999979511,2130.211863157895,synthetic_hourly,24,1,3.6,0.0,0.0,2130.211863157895,926.6958631578947,1199.9160000000004,0.0,3.6,2130.211863157895,99.99300000000004,878.2758421052631,22.73684210526316,21.888000000000005,0.0,0.0,0.21795468670324084,0.14285714285714285,0.0,0.0,,,,,,,,,,,,,,0.5,5,
E7,conc0.50_res5,"Under a shared storage budget, when does mobile storage become preferable across spatial concentration and hotspot movement?",synthetic,synthetic_concentration_turnover_map,mobile_only,Case B: Mobile Only,ok,optimal,optimal,2207.845692105264,2207.845692105264,0.0,2.172000000020489,2207.845692105264,synthetic_hourly,24,1,0.0,2.4,0.5,2207.8456921052634,923.3176921052632,1280.9280000000006,0.0,3.5999999999999996,2207.8456921052634,106.74400000000004,871.241894736842,15.157894736842106,14.592,1.3877787807814457e-15,0.3797298805273192,0.21828024650275749,0.14285714285714285,2.999999999625,8.260587980350237e-17,,,,,,,,,,,,,,0.5,5,
E7,conc0.50_res5,"Under a shared storage budget, when does mobile storage become preferable across spatial concentration and hotspot movement?",synthetic,synthetic_concentration_turnover_map,hybrid,Case C: Hybrid,ok,optimal,optimal,2166.1539026315795,2166.1539026315795,0.0,2.625,2166.1539026315795,synthetic_hourly,24,1,1.8,1.2,0.5,2166.153902631579,925.4019026315789,1237.1520000000005,0.0,3.5999999999999996,2166.153902631579,103.09600000000005,875.0313684210525,18.947368421052634,18.240000000000002,2.7755575615628914e-16,0.4358416769443803,0.21825604272466795,0.14285714285714285,3.053571428182079,3.304235191943414e-17,,,,,,,,,,,,,,0.5,5,
E7,conc0.50_res4,"Under a shared storage budget, when does mobile storage become preferable across spatial concentration and hotspot movement?",synthetic,synthetic_concentration_turnover_map,no_storage,Case 0: No Storage,ok,optimal,optimal,2411.067400000001,2411.067400000019,0.0,1.7030000000959262,2411.067400000001,synthetic_hourly,24,1,0.0,0.0,0.0,2411.0674000000004,915.0994,1495.9680000000005,0.0,0.0,2411.0674000000004,124.66400000000004,856.1759999999999,0.0,0.0,0.0,0.0,0.2173457882467355,0.14285714285714285,0.0,0.0,,,,,,,,,,,,,,0.5,4,
E7,conc0.50_res4,"Under a shared storage budget, when does mobile storage become preferable across spatial concentration and hotspot movement?",synthetic,synthetic_concentration_turnover_map,fixed_only,Case A: Fixed Only,ok,optimal,optimal,2169.1164631578954,2169.1164631578954,0.0,2.062000000034459,2169.1164631578954,synthetic_hourly,24,1,3.6,0.0,0.0,2169.1164631578954,926.9724631578947,1238.5440000000006,0.0,3.6,2169.1164631578954,103.21200000000003,878.4768421052631,22.73684210526316,21.888000000000005,0.0,0.0,0.21751217510521303,0.14285714285714285,0.0,0.0,,,,,,,,,,,,,,0.5,4,
E7,conc0.50_res4,"Under a shared storage budget, when does mobile storage become preferable across spatial concentration and hotspot movement?",synthetic,synthetic_concentration_turnover_map,mobile_only,Case B: Mobile Only,ok,optimal,optimal,2247.9002421052637,2247.9002421052637,0.0,2.405999999959022,2247.9002421052637,synthetic_hourly,24,1,0.0,2.4,0.5,2247.9002421052637,923.4362421052631,1320.8640000000007,0.0,3.5999999999999996,2247.9002421052637,110.07200000000005,871.333894736842,15.157894736842104,14.592000000000002,7.494005416219807e-15,0.3816201657292522,0.21772111777786227,0.14285714285714285,2.999999999625,4.4607175093891275e-16,,,,,,,,,,,,,,0.5,4,
E7,conc0.50_res4,"Under a shared storage budget, when does mobile storage become preferable across spatial concentration and hotspot movement?",synthetic,synthetic_concentration_turnover_map,hybrid,Case C: Hybrid,ok,optimal,optimal,2206.2084526315793,2206.2084526315793,0.0,2.9380000000819564,2206.2084526315793,synthetic_hourly,24,1,1.8,1.2,0.5,2206.2084526315793,925.5204526315789,1277.0880000000006,0.0,3.5999999999999996,2206.2084526315793,106.42400000000004,875.1233684210525,18.94736842105262,18.239999999999995,2.2398749521812533e-14,0.4342394291373696,0.21778815217266445,0.14285714285714285,3.053571428182079,2.666517799898335e-15,,,,,,,,,,,,,,0.5,4,
E7,conc0.50_res3,"Under a shared storage budget, when does mobile storage become preferable across spatial concentration and hotspot movement?",synthetic,synthetic_concentration_turnover_map,no_storage,Case 0: No Storage,ok,optimal,optimal,2488.0310500000005,2488.031050000019,0.0,1.702999999979511,2488.0310500000005,synthetic_hourly,24,1,0.0,0.0,0.0,2488.0310500000005,915.45505,1572.5760000000007,0.0,0.0,2488.0310500000005,131.04800000000006,856.452,0.0,0.0,0.0,0.0,0.21623340833441806,0.2857142857142857,0.0,0.0,,,,,,,,,,,,,,0.5,3,
E7,conc0.50_res3,"Under a shared storage budget, when does mobile storage become preferable across spatial concentration and hotspot movement?",synthetic,synthetic_concentration_turnover_map,fixed_only,Case A: Fixed Only,ok,optimal,optimal,2244.930163157895,2244.930163157895,0.0,2.312000000034459,2244.930163157895,synthetic_hourly,24,1,3.6,0.0,0.0,2244.930163157895,927.4861631578947,1313.8440000000005,0.0,3.6,2244.930163157895,109.48700000000004,878.8618421052631,22.73684210526316,21.888000000000005,0.0,0.0,0.21700019486675992,0.2857142857142857,0.0,0.0,,,,,,,,,,,,,,0.5,3,
E7,conc0.50_res3,"Under a shared storage budget, when does mobile storage become preferable across spatial concentration and hotspot movement?",synthetic,synthetic_concentration_turnover_map,mobile_only,Case B: Mobile Only,ok,optimal,optimal,2324.863892105264,2324.863892105264,0.0,2.14000000001397,2324.863892105264,synthetic_hourly,24,1,0.0,2.4,0.5,2324.863892105264,923.7918921052632,1397.4720000000007,0.0,3.5999999999999996,2324.863892105264,116.45600000000005,871.6098947368421,15.157894736842104,14.592,8.326672684688674e-16,0.3818342841959916,0.21658411354956525,0.2857142857142857,2.999999999625,4.956352788210142e-17,,,,,,,,,,,,,,0.5,3,
E7,conc0.50_res3,"Under a shared storage budget, when does mobile storage become preferable across spatial concentration and hotspot movement?",synthetic,synthetic_concentration_turnover_map,hybrid,Case C: Hybrid,ok,optimal,optimal,2283.1721026315795,2283.1721026315795,0.0,2.8429999999934807,2283.1721026315795,synthetic_hourly,24,1,1.8,1.2,0.5,2283.1721026315795,925.8761026315789,1353.6960000000006,0.0,3.5999999999999996,2283.1721026315795,112.80800000000005,875.3993684210526,18.947368421052623,18.24,1.1268763699945339e-14,0.4329106402462022,0.2169837673962739,0.2857142857142857,3.053571428182079,1.341519487929026e-15,,,,,,,,,,,,,,0.5,3,
E7,conc0.50_res2,"Under a shared storage budget, when does mobile storage become preferable across spatial concentration and hotspot movement?",synthetic,synthetic_concentration_turnover_map,no_storage,Case 0: No Storage,ok,optimal,optimal,2528.085600000001,2528.085600000015,0.0,1.562999999965541,2528.085600000001,synthetic_hourly,24,1,0.0,0.0,0.0,2528.0856000000003,915.5735999999999,1612.5120000000006,0.0,0.0,2528.0856000000003,134.37600000000006,856.544,0.0,0.0,0.0,0.0,0.21569089276908338,0.42857142857142855,0.0,0.0,,,,,,,,,,,,,,0.5,2,
E7,conc0.50_res2,"Under a shared storage budget, when does mobile storage become preferable across spatial concentration and hotspot movement?",synthetic,synthetic_concentration_turnover_map,fixed_only,Case A: Fixed Only,ok,optimal,optimal,2283.8347631578954,2283.834763157895,0.0,1.952999999979511,2283.8347631578954,synthetic_hourly,24,1,3.6,0.0,0.0,2283.8347631578954,927.7627631578947,1352.4720000000007,0.0,3.6,2283.8347631578954,112.70600000000005,879.0628421052631,22.73684210526316,21.888000000000005,0.0,0.0,0.21655875613928893,0.42857142857142855,0.0,0.0,,,,,,,,,,,,,,0.5,2,
E7,conc0.50_res2,"Under a shared storage budget, when does mobile storage become preferable across spatial concentration and hotspot movement?",synthetic,synthetic_concentration_turnover_map,mobile_only,Case B: Mobile Only,ok,optimal,optimal,2364.9184421052637,2364.9184421052637,0.0,2.312999999965541,2364.9184421052637,synthetic_hourly,24,1,0.0,2.4,0.5,2364.9184421052637,923.9104421052631,1437.4080000000006,0.0,3.5999999999999996,2364.9184421052637,119.78400000000005,871.7018947368421,15.157894736842104,14.592,1.2212453270876722e-15,0.38340816600337124,0.2161090912059097,0.42857142857142855,2.999999999625,7.269317422708208e-17,,,,,,,,,,,,,,0.5,2,
E7,conc0.50_res2,"Under a shared storage budget, when does mobile storage become preferable across spatial concentration and hotspot movement?",synthetic,synthetic_concentration_turnover_map,hybrid,Case C: Hybrid,ok,optimal,optimal,2323.2266526315793,2323.2266526315793,0.0,2.687999999965541,2323.2266526315793,synthetic_hourly,24,1,1.8,1.2,0.5,2323.2266526315793,925.9946526315789,1393.6320000000005,0.0,3.5999999999999996,2323.2266526315793,116.13600000000004,875.4913684210526,18.947368421052634,18.240000000000002,2.0261570199409107e-15,0.4294710343548611,0.21640341155624898,0.42857142857142855,3.1071428567391584,2.412091690118692e-16,,,,,,,,,,,,,,0.5,2,
E7,conc0.50_res1,"Under a shared storage budget, when does mobile storage become preferable across spatial concentration and hotspot movement?",synthetic,synthetic_concentration_turnover_map,no_storage,Case 0: No Storage,ok,optimal,optimal,2528.085600000001,2528.0856000000126,0.0,1.5940000000409782,2528.085600000001,synthetic_hourly,24,1,0.0,0.0,0.0,2528.0856000000003,915.5735999999999,1612.5120000000006,0.0,0.0,2528.0856000000003,134.37600000000006,856.544,0.0,0.0,0.0,0.0,0.21569089276908338,1.0,0.0,0.0,,,,,,,,,,,,,,0.5,1,
E7,conc0.50_res1,"Under a shared storage budget, when does mobile storage become preferable across spatial concentration and hotspot movement?",synthetic,synthetic_concentration_turnover_map,fixed_only,Case A: Fixed Only,ok,optimal,optimal,2283.8347631578954,2283.8347631578954,0.0,2.015999999945052,2283.8347631578954,synthetic_hourly,24,1,3.6,0.0,0.0,2283.8347631578954,927.7627631578947,1352.4720000000007,0.0,3.6,2283.8347631578954,112.70600000000005,879.0628421052631,22.73684210526316,21.888000000000005,0.0,0.0,0.21657609100767097,1.0,0.0,0.0,,,,,,,,,,,,,,0.5,1,
E7,conc0.50_res1,"Under a shared storage budget, when does mobile storage become preferable across spatial concentration and hotspot movement?",synthetic,synthetic_concentration_turnover_map,mobile_only,Case B: Mobile Only,ok,optimal,optimal,2364.9184421052637,2364.9184421052637,0.0,2.3130000000819564,2364.9184421052637,synthetic_hourly,24,1,0.0,2.4,0.5,2364.9184421052637,923.9104421052631,1437.4080000000006,0.0,3.5999999999999996,2364.9184421052637,119.78400000000005,871.7018947368421,15.157894736842106,14.592000000000002,1.7208456881689926e-15,0.3791941588990309,0.21605985914214615,1.0,2.999999999625,1.0243129095634294e-16,,,,,,,,,,,,,,0.5,1,
E7,conc0.50_res1,"Under a shared storage budget, when does mobile storage become preferable across spatial concentration and hotspot movement?",synthetic,synthetic_concentration_turnover_map,hybrid,Case C: Hybrid,ok,optimal,optimal,2323.2266526315793,2323.2266526315793,0.0,2.937999999965541,2323.2266526315793,synthetic_hourly,24,1,1.8,1.2,0.5,2323.2266526315793,925.9946526315789,1393.6320000000005,0.0,3.5999999999999996,2323.2266526315793,116.13600000000004,875.4913684210526,18.947368421052634,18.240000000000002,1.249000902703301e-16,0.4112472987463876,0.2163631639712071,1.0,3.053571428182079,1.4869058363745362e-17,,,,,,,,,,,,,,0.5,1,
E7,conc0.65_res5,"Under a shared storage budget, when does mobile storage become preferable across spatial concentration and hotspot movement?",synthetic,synthetic_concentration_turnover_map,no_storage,Case 0: No Storage,ok,optimal,optimal,2339.04695,2339.046949999984,0.0,1.7189999999245629,2339.04695,synthetic_hourly,24,1,0.0,0.0,0.0,2339.04695,914.37095,1424.6760000000002,0.0,0.0,2339.04695,118.72300000000001,855.6189999999999,0.0,0.0,0.0,0.0,0.22559017785260382,0.14285714285714285,0.0,0.0,,,,,,,,,,,,,,0.65,5,
E7,conc0.65_res5,"Under a shared storage budget, when does mobile storage become preferable across spatial concentration and hotspot movement?",synthetic,synthetic_concentration_turnover_map,fixed_only,Case A: Fixed Only,ok,optimal,optimal,2105.261713157895,2105.261713157895,0.0,1.952999999979511,2105.261713157895,synthetic_hourly,24,1,3.6,0.0,0.0,2105.261713157895,925.1217131578948,1176.5400000000002,0.0,3.6,2105.261713157895,98.045,877.1458421052631,22.73684210526316,21.888,0.0,0.0,0.22591395443830797,0.14285714285714285,0.0,0.0,,,,,,,,,,,,,,0.65,5,
E7,conc0.65_res5,"Under a shared storage budget, when does mobile storage become preferable across spatial concentration and hotspot movement?",synthetic,synthetic_concentration_turnover_map,mobile_only,Case B: Mobile Only,ok,optimal,optimal,2175.8797921052633,2175.8797921052633,0.0,2.375,2175.8797921052633,synthetic_hourly,24,1,0.0,2.4,0.5,2175.8797921052633,922.7077921052631,1249.5720000000001,0.0,3.5999999999999996,2175.8797921052633,104.13100000000001,870.7768947368421,15.157894736842104,14.592,1.7208456881689926e-15,0.38407816783085513,0.22611331825696845,0.14285714285714285,2.999999999625,1.0243129095634294e-16,,,,,,,,,,,,,,0.65,5,
E7,conc0.65_res5,"Under a shared storage budget, when does mobile storage become preferable across spatial concentration and hotspot movement?",synthetic,synthetic_concentration_turnover_map,hybrid,Case C: Hybrid,ok,optimal,optimal,2135.4582226315792,2135.458222631579,0.0,3.5630000000819564,2135.4582226315792,synthetic_hourly,24,1,1.8,1.2,0.5,2135.458222631579,924.617422631579,1207.2408,0.0,3.5999999999999996,2135.458222631579,100.60340000000001,874.4459684210526,18.947368421052634,18.240000000000002,1.1102230246251565e-16,0.43391732698664925,0.2269306772267236,0.14285714285714285,3.053571428182079,1.3216940767773656e-17,,,,,,,,,,,,,,0.65,5,
E7,conc0.65_res4,"Under a shared storage budget, when does mobile storage become preferable across spatial concentration and hotspot movement?",synthetic,synthetic_concentration_turnover_map,no_storage,Case 0: No Storage,ok,optimal,optimal,2366.4786000000004,2366.4785999999845,0.0,1.922000000020489,2366.4786000000004,synthetic_hourly,24,1,0.0,0.0,0.0,2366.4786000000004,914.5265999999999,1451.9520000000002,0.0,0.0,2366.4786000000004,120.99600000000001,855.74,0.0,0.0,0.0,0.0,0.22515114508105402,0.14285714285714285,0.0,0.0,,,,,,,,,,,,,,0.65,4,
E7,conc0.65_res4,"Under a shared storage budget, when does mobile storage become preferable across spatial concentration and hotspot movement?",synthetic,synthetic_concentration_turnover_map,fixed_only,Case A: Fixed Only,ok,optimal,optimal,2130.140263157895,2130.140263157895,0.0,2.2339999999385327,2130.140263157895,synthetic_hourly,24,1,3.6,0.0,0.0,2130.1402631578944,925.6282631578947,1200.912,0.0,3.6,2130.1402631578944,100.07600000000001,877.5088421052632,22.73684210526316,21.888,0.0,0.0,0.22569386899098565,0.14285714285714285,0.0,0.0,,,,,,,,,,,,,,0.65,4,
E7,conc0.65_res4,"Under a shared storage budget, when does mobile storage become preferable across spatial concentration and hotspot movement?",synthetic,synthetic_concentration_turnover_map,mobile_only,Case B: Mobile Only,ok,optimal,optimal,2203.3114421052633,2203.3114421052633,0.0,2.625,2203.3114421052633,synthetic_hourly,24,1,0.0,2.4,0.5,2203.3114421052633,922.8634421052632,1276.8480000000002,0.0,3.5999999999999996,2203.3114421052633,106.40400000000001,870.8978947368421,15.157894736842106,14.592,6.661338147750939e-16,0.3847795053217162,0.22565501463305276,0.14285714285714285,2.999999999625,3.965082230568113e-17,,,,,,,,,,,,,,0.65,4,
E7,conc0.65_res4,"Under a shared storage budget, when does mobile storage become preferable across spatial concentration and hotspot movement?",synthetic,synthetic_concentration_turnover_map,hybrid,Case C: Hybrid,ok,optimal,optimal,2162.8898726315792,2162.889872631579,0.0,3.234000000054948,2162.8898726315792,synthetic_hourly,24,1,1.8,1.2,0.5,2162.889872631579,924.7730726315789,1234.5168,0.0,3.5999999999999996,2162.889872631579,102.8764,874.5669684210526,18.947368421052634,18.240000000000002,1.8735013540549517e-16,0.43738607912821864,0.22648382360333255,0.14285714285714285,3.053571428182079,2.2303587545618043e-17,,,,,,,,,,,,,,0.65,4,
E7,conc0.65_res3,"Under a shared storage budget, when does mobile storage become preferable across spatial concentration and hotspot movement?",synthetic,synthetic_concentration_turnover_map,no_storage,Case 0: No Storage,ok,optimal,optimal,2418.7656500000003,2418.7656499999944,0.0,1.702999999979511,2418.7656500000003,synthetic_hourly,24,1,0.0,0.0,0.0,2418.7656500000003,914.96165,1503.804,0.0,0.0,2418.7656500000003,125.31700000000001,856.081,0.0,0.0,0.0,0.0,0.22426287331291794,0.2857142857142857,0.0,0.0,,,,,,,,,,,,,,0.65,3,
E7,conc0.65_res3,"Under a shared storage budget, when does mobile storage become preferable across spatial concentration and hotspot movement?",synthetic,synthetic_concentration_turnover_map,fixed_only,Case A: Fixed Only,ok,optimal,optimal,2179.8742131578947,2179.8742131578947,0.0,2.077999999979511,2179.8742131578947,synthetic_hourly,24,1,3.6,0.0,0.0,2179.8742131578947,926.4142131578947,1249.8600000000001,0.0,3.6,2179.8742131578947,104.155,878.0918421052631,22.73684210526316,21.888,0.0,0.0,0.22516551665152243,0.2857142857142857,0.0,0.0,,,,,,,,,,,,,,0.65,3,
E7,conc0.65_res3,"Under a shared storage budget, when does mobile storage become preferable across spatial concentration and hotspot movement?",synthetic,synthetic_concentration_turnover_map,mobile_only,Case B: Mobile Only,ok,optimal,optimal,2255.598492105263,2255.598492105263,0.0,2.219000000040978,2255.598492105263,synthetic_hourly,24,1,0.0,2.4,0.5,2255.598492105263,923.2984921052631,1328.7000000000003,0.0,3.5999999999999996,2255.598492105263,110.72500000000001,871.2388947368421,15.157894736842104,14.591999999999999,1.0547118733938987e-15,0.3870120214264262,0.22474835899159665,0.2857142857142857,2.999999999625,6.27804686506618e-17,,,,,,,,,,,,,,0.65,3,
E7,conc0.65_res3,"Under a shared storage budget, when does mobile storage become preferable across spatial concentration and hotspot movement?",synthetic,synthetic_concentration_turnover_map,hybrid,Case C: Hybrid,ok,optimal,optimal,2215.176922631579,2215.176922631579,0.0,2.48499999998603,2215.176922631579,synthetic_hourly,24,1,1.8,1.2,0.5,2215.176922631579,925.2081226315789,1286.3688000000002,0.0,3.5999999999999996,2215.176922631579,107.1974,874.9079684210526,18.947368421052634,18.240000000000002,1.3322676295501878e-15,0.4342942879641239,0.22524259584317244,0.2857142857142857,3.053571428182079,1.5860328921328386e-16,,,,,,,,,,,,,,0.65,3,
E7,conc0.65_res2,"Under a shared storage budget, when does mobile storage become preferable across spatial concentration and hotspot movement?",synthetic,synthetic_concentration_turnover_map,no_storage,Case 0: No Storage,ok,optimal,optimal,2446.1973000000003,2446.1972999999957,0.0,1.75,2446.1973000000003,synthetic_hourly,24,1,0.0,0.0,0.0,2446.1973000000003,915.1173,1531.0800000000002,0.0,0.0,2446.1973000000003,127.59000000000002,856.202,0.0,0.0,0.0,0.0,0.22382384054136814,0.42857142857142855,0.0,0.0,,,,,,,,,,,,,,0.65,2,
E7,conc0.65_res2,"Under a shared storage budget, when does mobile storage become preferable across spatial concentration and hotspot movement?",synthetic,synthetic_concentration_turnover_map,fixed_only,Case A: Fixed Only,ok,optimal,optimal,2204.7527631578946,2204.7527631578946,0.0,2.35999999998603,2204.7527631578946,synthetic_hourly,24,1,3.6,0.0,0.0,2204.7527631578946,926.9207631578947,1274.2320000000002,0.0,3.6,2204.7527631578946,106.186,878.4548421052631,22.73684210526316,21.888,0.0,0.0,0.22476104647176687,0.42857142857142855,0.0,0.0,,,,,,,,,,,,,,0.65,2,
E7,conc0.65_res2,"Under a shared storage budget, when does mobile storage become preferable across spatial concentration and hotspot movement?",synthetic,synthetic_concentration_turnover_map,mobile_only,Case B: Mobile Only,ok,optimal,optimal,2283.030142105263,2283.030142105263,0.0,2.375,2283.030142105263,synthetic_hourly,24,1,0.0,2.4,0.5,2283.030142105263,923.4541421052631,1355.976,0.0,3.5999999999999996,2283.030142105263,112.99800000000002,871.3598947368421,15.157894736842104,14.592,3.164135620181696e-15,0.3926345286221377,0.22442864890155992,0.42857142857142855,2.999999999625,1.883414059519854e-16,,,,,,,,,,,,,,0.65,2,
E7,conc0.65_res2,"Under a shared storage budget, when does mobile storage become preferable across spatial concentration and hotspot movement?",synthetic,synthetic_concentration_turnover_map,hybrid,Case C: Hybrid,ok,optimal,optimal,2242.608572631579,2242.608572631579,0.0,2.531000000075437,2242.608572631579,synthetic_hourly,24,1,1.8,1.2,0.5,2242.608572631579,925.363772631579,1313.6448000000003,0.0,3.5999999999999996,2242.608572631579,109.47040000000001,875.0289684210526,18.947368421052634,18.24,7.258083023486961e-15,0.43864807771191194,0.22465298559250194,0.42857142857142855,3.053571428182079,8.640575026932027e-16,,,,,,,,,,,,,,0.65,2,
E7,conc0.65_res1,"Under a shared storage budget, when does mobile storage become preferable across spatial concentration and hotspot movement?",synthetic,synthetic_concentration_turnover_map,no_storage,Case 0: No Storage,ok,optimal,optimal,2446.1973000000003,2446.1973,0.0,1.6410000000614673,2446.1973000000003,synthetic_hourly,24,1,0.0,0.0,0.0,2446.1973000000003,915.1173,1531.0800000000002,0.0,0.0,2446.1973000000003,127.59000000000002,856.202,0.0,0.0,0.0,0.0,0.22382384054136814,1.0,0.0,0.0,,,,,,,,,,,,,,0.65,1,
E7,conc0.65_res1,"Under a shared storage budget, when does mobile storage become preferable across spatial concentration and hotspot movement?",synthetic,synthetic_concentration_turnover_map,fixed_only,Case A: Fixed Only,ok,optimal,optimal,2204.7527631578946,2204.7527631578946,0.0,2.0929999999934807,2204.7527631578946,synthetic_hourly,24,1,3.6,0.0,0.0,2204.7527631578946,926.9207631578947,1274.2320000000002,0.0,3.6,2204.7527631578946,106.186,878.4548421052631,22.73684210526316,21.888,0.0,0.0,0.22512028447459603,1.0,0.0,0.0,,,,,,,,,,,,,,0.65,1,
E7,conc0.65_res1,"Under a shared storage budget, when does mobile storage become preferable across spatial concentration and hotspot movement?",synthetic,synthetic_concentration_turnover_map,mobile_only,Case B: Mobile Only,ok,optimal,optimal,2283.030142105263,2283.030142105263,0.0,2.312000000034459,2283.030142105263,synthetic_hourly,24,1,0.0,2.4,0.5,2283.030142105263,923.4541421052631,1355.976,0.0,3.5999999999999996,2283.030142105263,112.99800000000002,871.3598947368421,15.157894736842106,14.592,3.0531133177191805e-15,0.38330761433122224,0.22435263983195414,1.0,2.999999999625,1.817329355677052e-16,,,,,,,,,,,,,,0.65,1,
E7,conc0.65_res1,"Under a shared storage budget, when does mobile storage become preferable across spatial concentration and hotspot movement?",synthetic,synthetic_concentration_turnover_map,hybrid,Case C: Hybrid,ok,optimal,optimal,2242.608572631579,2242.608572631579,0.0,2.4540000000270084,2242.608572631579,synthetic_hourly,24,1,1.8,1.2,0.5,2242.608572631579,925.363772631579,1313.6448,0.0,3.5999999999999996,2242.608572631579,109.47040000000001,875.0289684210526,18.947368421052634,18.240000000000002,1.3877787807814457e-16,0.42516943073645874,0.2246117698182748,1.0,3.053571428182079,1.652117595971707e-17,,,,,,,,,,,,,,0.65,1,
E7,conc0.80_res5,"Under a shared storage budget, when does mobile storage become preferable across spatial concentration and hotspot movement?",synthetic,synthetic_concentration_turnover_map,no_storage,Case 0: No Storage,ok,optimal,optimal,2314.8485250000003,2314.848525000008,0.0,1.625,2314.8485250000003,synthetic_hourly,24,1,0.0,0.0,0.0,2314.8485250000003,912.738525,1402.1100000000001,0.0,0.0,2314.8485250000003,116.84250000000002,854.4214999999999,0.0,0.0,0.0,0.0,0.23307564757109844,0.14285714285714285,0.0,0.0,,,,,,,,,,,,,,0.8,5,
E7,conc0.80_res5,"Under a shared storage budget, when does mobile storage become preferable across spatial concentration and hotspot movement?",synthetic,synthetic_concentration_turnover_map,fixed_only,Case A: Fixed Only,ok,optimal,optimal,2096.6192631578947,2096.6192631578947,0.0,2.155999999959022,2096.6192631578947,synthetic_hourly,24,1,3.6,0.0,0.0,2096.6192631578947,921.3512631578948,1171.6680000000001,0.0,3.6,2096.6192631578947,97.63900000000001,874.4738421052631,22.73684210526316,21.888000000000005,0.0,0.0,0.23361892413072316,0.14285714285714285,0.0,0.0,,,,,,,,,,,,,,0.8,5,
E7,conc0.80_res5,"Under a shared storage budget, when does mobile storage become preferable across spatial concentration and hotspot movement?",synthetic,synthetic_concentration_turnover_map,mobile_only,Case B: Mobile Only,ok,optimal,optimal,2153.8398971052634,2153.839897105263,0.0,3.609000000054948,2153.8398971052634,synthetic_hourly,24,1,0.0,2.4,0.5,2153.8398971052634,920.7786971052632,1229.4612000000002,0.0,3.5999999999999996,2153.8398971052634,102.45510000000002,869.3747947368421,15.157894736842104,14.592,5.079270337660091e-15,0.3964961198050834,0.23475823962418965,0.14285714285714285,2.999999999625,3.0233752008081865e-16,,,,,,,,,,,,,,0.8,5,
E7,conc0.80_res5,"Under a shared storage budget, when does mobile storage become preferable across spatial concentration and hotspot movement?",synthetic,synthetic_concentration_turnover_map,hybrid,Case C: Hybrid,ok,optimal,optimal,2114.861567631579,2114.861567631579,0.0,4.297000000020489,2114.861567631579,synthetic_hourly,24,1,1.8,1.2,0.5,2114.861567631579,922.4899676315789,1188.7716,0.0,3.5999999999999996,2114.861567631579,99.0643,872.9070684210526,18.947368421052634,18.240000000000002,5.551115123125783e-17,0.4235430144352963,0.23510541117755887,0.14285714285714285,3.1607142852962373,6.608470383886828e-18,,,,,,,,,,,,,,0.8,5,
E7,conc0.80_res4,"Under a shared storage budget, when does mobile storage become preferable across spatial concentration and hotspot movement?",synthetic,synthetic_concentration_turnover_map,no_storage,Case 0: No Storage,ok,optimal,optimal,2329.4199000000003,2329.4199000000067,0.0,1.797000000020489,2329.4199000000003,synthetic_hourly,24,1,0.0,0.0,0.0,2329.4199,912.9639,1416.4560000000001,0.0,0.0,2329.4199,118.03800000000001,854.5939999999999,0.0,0.0,0.0,0.0,0.23278287791436214,0.14285714285714285,0.0,0.0,,,,,,,,,,,,,,0.8,4,
E7,conc0.80_res4,"Under a shared storage budget, when does mobile storage become preferable across spatial concentration and hotspot movement?",synthetic,synthetic_concentration_turnover_map,fixed_only,Case A: Fixed Only,ok,optimal,optimal,2106.226863157895,2106.2268631578945,0.0,2.280999999959022,2106.226863157895,synthetic_hourly,24,1,3.6,0.0,0.0,2106.226863157895,922.2588631578948,1180.3680000000002,0.0,3.6,2106.226863157895,98.364,875.1168421052631,22.73684210526316,21.888000000000005,0.0,0.0,0.23356965945626218,0.14285714285714285,0.0,0.0,,,,,,,,,,,,,,0.8,4,
E7,conc0.80_res4,"Under a shared storage budget, when does mobile storage become preferable across spatial concentration and hotspot movement?",synthetic,synthetic_concentration_turnover_map,mobile_only,Case B: Mobile Only,ok,optimal,optimal,2168.4112721052634,2168.4112721052634,0.0,3.515999999945052,2168.4112721052634,synthetic_hourly,24,1,0.0,2.4,0.5,2168.4112721052634,921.0040721052632,1243.8072000000002,0.0,3.5999999999999996,2168.4112721052634,103.65060000000001,869.5472947368421,15.1578947368421,14.591999999999999,1.1657341758564144e-15,0.3906617160364786,0.2347062856120173,0.14285714285714285,3.2142857138533163,6.938893903494198e-17,,,,,,,,,,,,,,0.8,4,
E7,conc0.80_res4,"Under a shared storage budget, when does mobile storage become preferable across spatial concentration and hotspot movement?",synthetic,synthetic_concentration_turnover_map,hybrid,Case C: Hybrid,ok,optimal,optimal,2128.995117631579,2128.995117631579,0.0,3.922000000020489,2128.995117631579,synthetic_hourly,24,1,1.8,1.2,0.5,2128.995117631579,922.775517631579,1202.6196,0.0,3.5999999999999996,2128.995117631579,100.21830000000001,873.1210684210527,18.947368421052634,18.240000000000002,2.7755575615628914e-17,0.43002400287642306,0.2346798016813863,0.14285714285714285,3.1607142852962373,3.304235191943414e-18,,,,,,,,,,,,,,0.8,4,
E7,conc0.80_res3,"Under a shared storage budget, when does mobile storage become preferable across spatial concentration and hotspot movement?",synthetic,synthetic_concentration_turnover_map,no_storage,Case 0: No Storage,ok,optimal,optimal,2356.897825,2356.8978250000027,0.0,1.937999999965541,2356.897825,synthetic_hourly,24,1,0.0,0.0,0.0,2356.897825,913.507825,1443.39,0.0,0.0,2356.897825,120.28250000000001,855.0135,0.0,0.0,0.0,0.0,0.2321996841834366,0.2857142857142857,0.0,0.0,,,,,,,,,,,,,,0.8,3,
E7,conc0.80_res3,"Under a shared storage budget, when does mobile storage become preferable across spatial concentration and hotspot movement?",synthetic,synthetic_concentration_turnover_map,fixed_only,Case A: Fixed Only,ok,optimal,optimal,2127.865363157895,2127.8653631578945,0.0,2.077999999979511,2127.865363157895,synthetic_hourly,24,1,3.6,0.0,0.0,2127.865363157895,923.6053631578948,1200.66,0.0,3.6,2127.865363157895,100.055,876.0898421052632,22.73684210526316,21.888000000000005,0.0,0.0,0.23342490231440582,0.2857142857142857,0.0,0.0,,,,,,,,,,,,,,0.8,3,
E7,conc0.80_res3,"Under a shared storage budget, when does mobile storage become preferable across spatial concentration and hotspot movement?",synthetic,synthetic_concentration_turnover_map,mobile_only,Case B: Mobile Only,ok,optimal,optimal,2195.889197105263,2195.889197105263,0.0,3.797000000020489,2195.889197105263,synthetic_hourly,24,1,0.0,2.4,0.5,2195.889197105263,921.5479971052631,1270.7412000000002,0.0,3.5999999999999996,2195.889197105263,105.89510000000001,869.9667947368421,15.157894736842106,14.592,6.661338147750939e-16,0.39196127729721225,0.233304962185376,0.2857142857142857,2.999999999625,3.965082230568113e-17,,,,,,,,,,,,,,0.8,3,
E7,conc0.80_res3,"Under a shared storage budget, when does mobile storage become preferable across spatial concentration and hotspot movement?",synthetic,synthetic_concentration_turnover_map,hybrid,Case C: Hybrid,ok,optimal,optimal,2156.035217631579,2156.035217631579,0.0,4.094000000040978,2156.035217631579,synthetic_hourly,24,1,1.8,1.2,0.5,2156.035217631579,923.379617631579,1229.0556000000001,0.0,3.5999999999999996,2156.035217631579,102.4213,873.5820684210526,18.947368421052634,18.240000000000002,3.608224830031759e-16,0.4386033614290174,0.23376902803676478,0.2857142857142857,2.999999999625,4.2955057495264384e-17,,,,,,,,,,,,,,0.8,3,
E7,conc0.80_res2,"Under a shared storage budget, when does mobile storage become preferable across spatial concentration and hotspot movement?",synthetic,synthetic_concentration_turnover_map,no_storage,Case 0: No Storage,ok,optimal,optimal,2371.4692,2371.469200000001,0.0,1.7809999999590218,2371.4692,synthetic_hourly,24,1,0.0,0.0,0.0,2371.4692,913.7332,1457.736,0.0,0.0,2371.4692,121.47800000000001,855.1859999999999,0.0,0.0,0.0,0.0,0.2319069145267003,0.42857142857142855,0.0,0.0,,,,,,,,,,,,,,0.8,2,
E7,conc0.80_res2,"Under a shared storage budget, when does mobile storage become preferable across spatial concentration and hotspot movement?",synthetic,synthetic_concentration_turnover_map,fixed_only,Case A: Fixed Only,ok,optimal,optimal,2137.472963157895,2137.472963157895,0.0,2.156000000075437,2137.472963157895,synthetic_hourly,24,1,3.6,0.0,0.0,2137.472963157895,924.5129631578948,1209.3600000000001,0.0,3.6,2137.472963157895,100.78,876.7328421052631,22.73684210526316,21.888000000000005,0.0,0.0,0.23360591161451444,0.42857142857142855,0.0,0.0,,,,,,,,,,,,,,0.8,2,
E7,conc0.80_res2,"Under a shared storage budget, when does mobile storage become preferable across spatial concentration and hotspot movement?",synthetic,synthetic_concentration_turnover_map,mobile_only,Case B: Mobile Only,ok,optimal,optimal,2210.460572105263,2210.460572105263,0.0,3.5,2210.460572105263,synthetic_hourly,24,1,0.0,2.4,0.5,2210.460572105263,921.7733721052631,1285.0872000000002,0.0,3.5999999999999996,2210.460572105263,107.09060000000001,870.1392947368421,15.157894736842104,14.592,5.551115123125783e-16,0.3968079912500526,0.23283270026914685,0.42857142857142855,2.999999999625,3.3042351921400945e-17,,,,,,,,,,,,,,0.8,2,
E7,conc0.80_res2,"Under a shared storage budget, when does mobile storage become preferable across spatial concentration and hotspot movement?",synthetic,synthetic_concentration_turnover_map,hybrid,Case C: Hybrid,ok,optimal,optimal,2170.168767631579,2170.1687676315787,0.0,3.687000000034459,2170.168767631579,synthetic_hourly,24,1,1.8,1.2,0.5,2170.168767631579,923.6651676315789,1242.9036,0.0,3.5999999999999996,2170.168767631579,103.5753,873.7960684210526,18.947368421052634,18.240000000000002,1.1102230246251565e-16,0.45786806126446017,0.23309279182131673,0.42857142857142855,3.053571428182079,1.3216940767773656e-17,,,,,,,,,,,,,,0.8,2,
E7,conc0.80_res1,"Under a shared storage budget, when does mobile storage become preferable across spatial concentration and hotspot movement?",synthetic,synthetic_concentration_turnover_map,no_storage,Case 0: No Storage,ok,optimal,optimal,2371.4692,2371.4691999999995,0.0,1.7349999999860302,2371.4692,synthetic_hourly,24,1,0.0,0.0,0.0,2371.4692,913.7332,1457.736,0.0,0.0,2371.4692,121.47800000000001,855.1859999999999,0.0,0.0,0.0,0.0,0.2319069145267003,1.0,0.0,0.0,,,,,,,,,,,,,,0.8,1,
E7,conc0.80_res1,"Under a shared storage budget, when does mobile storage become preferable across spatial concentration and hotspot movement?",synthetic,synthetic_concentration_turnover_map,fixed_only,Case A: Fixed Only,ok,optimal,optimal,2137.472963157895,2137.472963157895,0.0,2.265999999945052,2137.472963157895,synthetic_hourly,24,1,3.6,0.0,0.0,2137.472963157895,924.5129631578948,1209.3600000000001,0.0,3.6,2137.472963157895,100.78,876.7328421052631,22.73684210526316,21.888000000000005,0.0,0.0,0.23352273685493224,1.0,0.0,0.0,,,,,,,,,,,,,,0.8,1,
E7,conc0.80_res1,"Under a shared storage budget, when does mobile storage become preferable across spatial concentration and hotspot movement?",synthetic,synthetic_concentration_turnover_map,mobile_only,Case B: Mobile Only,ok,optimal,optimal,2210.460572105263,2210.460572105263,0.0,3.297000000020489,2210.460572105263,synthetic_hourly,24,1,0.0,2.4,0.5,2210.460572105263,921.7733721052631,1285.0872000000002,0.0,3.5999999999999996,2210.460572105263,107.09060000000001,870.1392947368421,15.157894736842104,14.592,4.996003610813204e-16,0.4021449167343247,0.23282003013896668,1.0,2.999999999625,2.9738116729260854e-17,,,,,,,,,,,,,,0.8,1,
E7,conc0.80_res1,"Under a shared storage budget, when does mobile storage become preferable across spatial concentration and hotspot movement?",synthetic,synthetic_concentration_turnover_map,hybrid,Case C: Hybrid,ok,optimal,optimal,2170.168767631579,2170.1687676315787,0.0,3.797000000020489,2170.168767631579,synthetic_hourly,24,1,1.8,1.2,0.5,2170.168767631579,923.6651676315789,1242.9036,0.0,3.5999999999999996,2170.168767631579,103.5753,873.7960684210526,18.947368421052634,18.240000000000002,2.7755575615628914e-16,0.44389688413550027,0.23302058758329472,1.0,3.053571428182079,3.304235191943414e-17,,,,,,,,,,,,,,0.8,1,
E7,conc0.95_res5,"Under a shared storage budget, when does mobile storage become preferable across spatial concentration and hotspot movement?",synthetic,synthetic_concentration_turnover_map,no_storage,Case 0: No Storage,ok,optimal,optimal,2311.178625,2311.178625000023,0.0,1.875,2311.178625,synthetic_hourly,24,1,0.0,0.0,0.0,2311.1786250000005,908.660625,1402.5180000000003,0.0,0.0,2311.1786250000005,116.87650000000002,851.3095,0.0,0.0,0.0,0.0,0.24078613499758944,0.14285714285714285,0.0,0.0,,,,,,,,,,,,,,0.95,5,
E7,conc0.95_res5,"Under a shared storage budget, when does mobile storage become preferable across spatial concentration and hotspot movement?",synthetic,synthetic_concentration_turnover_map,fixed_only,Case A: Fixed Only,ok,optimal,optimal,2172.928913157895,2172.928913157895,0.0,2.625,2172.928913157895,synthetic_hourly,24,1,3.6,0.0,0.0,2172.928913157895,906.2809131578947,1263.048,0.0,3.6,2172.928913157895,105.254,863.7808421052631,22.73684210526316,21.888,0.0,0.0,0.2417094574884083,0.14285714285714285,0.0,0.0,,,,,,,,,,,,,,0.95,5,
E7,conc0.95_res5,"Under a shared storage budget, when does mobile storage become preferable across spatial concentration and hotspot movement?",synthetic,synthetic_concentration_turnover_map,mobile_only,Case B: Mobile Only,ok,optimal,optimal,2153.7541831578947,2153.7541831578947,0.0,3.312999999965541,2153.7541831578947,synthetic_hourly,24,1,0.0,2.4,0.5,2153.7541831578947,916.2914621052631,1233.2568,0.605921052631575,3.5999999999999996,2153.7541831578947,102.77140000000003,865.980494736842,15.157894736842104,14.592,1.211842105263151,0.4034891835700308,0.24377254833457995,0.14285714285714285,3.1071428567391584,0.07213345864232247,,,,,,,,,,,,,,0.95,5,
E7,conc0.95_res5,"Under a shared storage budget, when does mobile storage become preferable across spatial concentration and hotspot movement?",synthetic,synthetic_concentration_turnover_map,hybrid,Case C: Hybrid,ok,optimal,optimal,2134.724197105263,2134.724197105263,0.0,2.7820000000065193,2134.724197105263,synthetic_hourly,24,1,1.8,1.2,0.5,2134.724197105263,915.284707631579,1215.0612,0.7782894736842079,3.5999999999999996,2134.724197105263,101.25510000000001,867.6382684210527,18.947368421052634,18.240000000000002,1.556578947368416,0.4403944855609542,0.2444436255759229,0.14285714285714285,3.2678571424103953,0.18530701752179868,,,,,,,,,,,,,,0.95,5,
E7,conc0.95_res4,"Under a shared storage budget, when does mobile storage become preferable across spatial concentration and hotspot movement?",synthetic,synthetic_concentration_turnover_map,no_storage,Case 0: No Storage,ok,optimal,optimal,2313.8321,2313.8321000000215,0.0,1.8429999999934807,2313.8321,synthetic_hourly,24,1,0.0,0.0,0.0,2313.8321,908.8480999999999,1404.9840000000002,0.0,0.0,2313.8321,117.08200000000002,851.446,0.0,0.0,0.0,0.0,0.2407003681836635,0.14285714285714285,0.0,0.0,,,,,,,,,,,,,,0.95,4,
E7,conc0.95_res4,"Under a shared storage budget, when does mobile storage become preferable across spatial concentration and hotspot movement?",synthetic,synthetic_concentration_turnover_map,fixed_only,Case A: Fixed Only,ok,optimal,optimal,2170.987863157895,2170.987863157895,0.0,2.172000000020489,2170.987863157895,synthetic_hourly,24,1,3.6,0.0,0.0,2170.9878631578945,907.0998631578948,1260.288,0.0,3.6,2170.9878631578945,105.024,864.3528421052631,22.73684210526316,21.888,0.0,0.0,0.24189332456818957,0.14285714285714285,0.0,0.0,,,,,,,,,,,,,,0.95,4,
E7,conc0.95_res4,"Under a shared storage budget, when does mobile storage become preferable across spatial concentration and hotspot movement?",synthetic,synthetic_concentration_turnover_map,mobile_only,Case B: Mobile Only,ok,optimal,optimal,2156.4076581578947,2156.4076581578947,0.0,3.25,2156.4076581578947,synthetic_hourly,24,1,0.0,2.4,0.5,2156.4076581578947,916.4789371052632,1235.7228000000002,0.605921052631574,3.5999999999999996,2156.4076581578947,102.97690000000003,866.1169947368421,15.157894736842104,14.592,1.2118421052631507,0.4040024585380486,0.2436866288882805,0.14285714285714285,3.1071428567391584,0.07213345864232246,,,,,,,,,,,,,,0.95,4,
E7,conc0.95_res4,"Under a shared storage budget, when does mobile storage become preferable across spatial concentration and hotspot movement?",synthetic,synthetic_concentration_turnover_map,hybrid,Case C: Hybrid,ok,optimal,optimal,2135.2096471052632,2135.2096471052632,0.0,3.25,2135.2096471052632,synthetic_hourly,24,1,1.8,1.2,0.5,2135.2096471052632,915.770157631579,1215.0612,0.7782894736842081,3.5999999999999996,2135.2096471052632,101.25510000000001,867.9802684210526,18.947368421052634,18.240000000000002,1.5565789473684162,0.4505207019808663,0.24440620008741126,0.14285714285714285,3.2142857138533163,0.1853070175217987,,,,,,,,,,,,,,0.95,4,
E7,conc0.95_res3,"Under a shared storage budget, when does mobile storage become preferable across spatial concentration and hotspot movement?",synthetic,synthetic_concentration_turnover_map,no_storage,Case 0: No Storage,ok,optimal,optimal,2318.8444750000003,2318.8444750000203,0.0,2.062000000034459,2318.8444750000003,synthetic_hourly,24,1,0.0,0.0,0.0,2318.844475,909.234475,1409.6100000000001,0.0,0.0,2318.844475,117.46750000000003,851.7265,0.0,0.0,0.0,0.0,0.2405328137781021,0.2857142857142857,0.0,0.0,,,,,,,,,,,,,,0.95,3,
E7,conc0.95_res3,"Under a shared storage budget, when does mobile storage become preferable across spatial concentration and hotspot movement?",synthetic,synthetic_concentration_turnover_map,fixed_only,Case A: Fixed Only,ok,optimal,optimal,2161.5309131578947,2161.5309131578942,0.0,2.234000000054948,2161.5309131578947,synthetic_hourly,24,1,3.6,0.0,0.0,2161.5309131578947,909.4749131578948,1248.456,0.0,3.6,2161.5309131578947,104.03800000000001,866.0048421052632,22.73684210526316,21.888,0.0,0.0,0.24218052303570636,0.2857142857142857,0.0,0.0,,,,,,,,,,,,,,0.95,3,
E7,conc0.95_res3,"Under a shared storage budget, when does mobile storage become preferable across spatial concentration and hotspot movement?",synthetic,synthetic_concentration_turnover_map,mobile_only,Case B: Mobile Only,ok,optimal,optimal,2161.9075331578947,2161.9075331578947,0.0,3.093999999924563,2161.9075331578947,synthetic_hourly,24,1,0.0,2.4,0.5,2161.9075331578947,916.8653121052631,1240.3488000000002,1.0934210526315726,3.5999999999999996,2161.9075331578947,103.36240000000002,866.3974947368421,15.157894736842106,14.592000000000002,2.18684210526315,0.40358655998633197,0.24298180339852768,0.2857142857142857,2.999999999625,0.1301691729245822,,,,,,,,,,,,,,0.95,3,
E7,conc0.95_res3,"Under a shared storage budget, when does mobile storage become preferable across spatial concentration and hotspot movement?",synthetic,synthetic_concentration_turnover_map,hybrid,Case C: Hybrid,ok,optimal,optimal,2136.4628102631577,2136.4628102631577,0.0,3.405999999959022,2136.4628102631577,synthetic_hourly,24,1,1.8,1.2,0.5,2136.4628102631577,916.8010576315789,1214.3532,1.7085526315789428,3.5999999999999996,2136.4628102631577,101.19610000000002,868.7052684210527,18.947368421052634,18.240000000000002,3.417105263157886,0.45013693576193525,0.24426444232882102,0.2857142857142857,3.1607142852962373,0.4067982455656057,,,,,,,,,,,,,,0.95,3,
E7,conc0.95_res2,"Under a shared storage budget, when does mobile storage become preferable across spatial concentration and hotspot movement?",synthetic,synthetic_concentration_turnover_map,no_storage,Case 0: No Storage,ok,optimal,optimal,2321.49795,2321.497950000014,0.0,1.7820000000065193,2321.49795,synthetic_hourly,24,1,0.0,0.0,0.0,2321.49795,909.4219499999999,1412.0760000000002,0.0,0.0,2321.49795,117.67300000000003,851.8629999999999,0.0,0.0,0.0,0.0,0.24044704696417613,0.42857142857142855,0.0,0.0,,,,,,,,,,,,,,0.95,2,
E7,conc0.95_res2,"Under a shared storage budget, when does mobile storage become preferable across spatial concentration and hotspot movement?",synthetic,synthetic_concentration_turnover_map,fixed_only,Case A: Fixed Only,ok,optimal,optimal,2159.589863157895,2159.589863157895,0.0,2.125,2159.589863157895,synthetic_hourly,24,1,3.6,0.0,0.0,2159.5898631578943,910.2938631578947,1245.696,0.0,3.6,2159.5898631578943,103.808,866.5768421052632,22.73684210526316,21.888000000000005,0.0,0.0,0.24263683170427372,0.42857142857142855,0.0,0.0,,,,,,,,,,,,,,0.95,2,
E7,conc0.95_res2,"Under a shared storage budget, when does mobile storage become preferable across spatial concentration and hotspot movement?",synthetic,synthetic_concentration_turnover_map,mobile_only,Case B: Mobile Only,ok,optimal,optimal,2165.048508157895,2165.048508157895,0.0,3.062000000034459,2165.048508157895,synthetic_hourly,24,1,0.0,2.4,0.5,2165.048508157895,917.0527871052632,1242.8148,1.580921052631568,3.5999999999999996,2165.048508157895,103.56790000000002,866.533994736842,15.157894736842106,14.592000000000002,3.161842105263138,0.40521719949199353,0.24286090805347155,0.42857142857142855,2.999999999625,0.18820488720684123,,,,,,,,,,,,,,0.95,2,
E7,conc0.95_res2,"Under a shared storage budget, when does mobile storage become preferable across spatial concentration and hotspot movement?",synthetic,synthetic_concentration_turnover_map,hybrid,Case C: Hybrid,ok,optimal,optimal,2137.8785234210527,2137.8785234210527,0.0,3.719000000040978,2137.8785234210527,synthetic_hourly,24,1,1.8,1.2,0.5,2137.8785234210527,917.286507631579,1214.3532,2.6388157894736777,3.5999999999999996,2137.8785234210527,101.19610000000002,869.0472684210526,18.947368421052634,18.240000000000002,5.277631578947355,0.44430316840084944,0.24402464532047918,0.42857142857142855,3.1607142852962373,0.6282894736094126,,,,,,,,,,,,,,0.95,2,
E7,conc0.95_res1,"Under a shared storage budget, when does mobile storage become preferable across spatial concentration and hotspot movement?",synthetic,synthetic_concentration_turnover_map,no_storage,Case 0: No Storage,ok,optimal,optimal,2321.49795,2321.4979500000104,0.0,1.7190000000409782,2321.49795,synthetic_hourly,24,1,0.0,0.0,0.0,2321.49795,909.4219499999999,1412.0760000000002,0.0,0.0,2321.49795,117.67300000000003,851.8629999999999,0.0,0.0,0.0,0.0,0.24044704696417613,1.0,0.0,0.0,,,,,,,,,,,,,,0.95,1,
E7,conc0.95_res1,"Under a shared storage budget, when does mobile storage become preferable across spatial concentration and hotspot movement?",synthetic,synthetic_concentration_turnover_map,fixed_only,Case A: Fixed Only,ok,optimal,optimal,2159.589863157895,2159.589863157895,0.0,2.265999999945052,2159.589863157895,synthetic_hourly,24,1,3.6,0.0,0.0,2159.5898631578943,910.2938631578947,1245.696,0.0,3.6,2159.5898631578943,103.808,866.5768421052632,22.73684210526316,21.888,0.0,0.0,0.242549465030189,1.0,0.0,0.0,,,,,,,,,,,,,,0.95,1,
E7,conc0.95_res1,"Under a shared storage budget, when does mobile storage become preferable across spatial concentration and hotspot movement?",synthetic,synthetic_concentration_turnover_map,mobile_only,Case B: Mobile Only,ok,optimal,optimal,2166.6294292105263,2166.6294292105263,0.0,3.0160000000614673,2166.6294292105263,synthetic_hourly,24,1,0.0,2.4,0.5,2166.6294292105263,917.0527871052632,1242.8148,3.161842105263134,3.5999999999999996,2166.6294292105263,103.56790000000002,866.533994736842,15.157894736842104,14.592,6.323684210526268,0.39832927288839,0.2428959492620295,1.0,3.053571428182079,0.376409774413682,,,,,,,,,,,,,,0.95,1,
E7,conc0.95_res1,"Under a shared storage budget, when does mobile storage become preferable across spatial concentration and hotspot movement?",synthetic,synthetic_concentration_turnover_map,hybrid,Case C: Hybrid,ok,optimal,optimal,2140.517339210526,2140.517339210526,0.0,3.5929999999934807,2140.517339210526,synthetic_hourly,24,1,1.8,1.2,0.5,2140.517339210526,917.286507631579,1214.3532,5.277631578947347,3.5999999999999996,2140.517339210526,101.19610000000002,869.0472684210526,18.947368421052634,18.240000000000002,10.555263157894695,0.4429803945064839,0.2441288980071998,1.0,3.1607142852962373,1.2565789472188233,,,,,,,,,,,,,,0.95,1,
E8,mobile_wins,Why does mobile win or lose in representative scenarios under a shared storage budget?,synthetic,synthetic_mechanism_decomposition,no_storage,Case 0: No Storage,ok,optimal,optimal,2544.08405,2544.084050000004,0.0,1.7820000000065193,2544.08405,synthetic_hourly,24,0,0.0,0.0,0.0,2544.08405,907.3200499999999,1636.7640000000001,0.0,0.0,2544.08405,136.39700000000002,850.509,0.0,0.0,0.0,0.0,0.23853007715045205,1.0,0.0,0.0,,,,,0.9,1,,,,,,,,,,
E8,mobile_wins,Why does mobile win or lose in representative scenarios under a shared storage budget?,synthetic,synthetic_mechanism_decomposition,fixed_only,Case A: Fixed Only,ok,optimal,optimal,2319.9837131578947,2319.9837131578943,0.0,1.9070000000065193,2319.9837131578947,synthetic_hourly,24,0,3.6,0.0,0.0,2319.9837131578947,916.7397131578947,1399.644,0.0,3.6,2319.9837131578947,116.637,871.1178421052631,22.73684210526316,21.888000000000005,0.0,0.0,0.2404496639585657,1.0,0.0,0.0,-60.933178947368106,0.35131578947402886,-61.284494736842134,,0.9,1,,,,,,,,,,
E8,mobile_wins,Why does mobile win or lose in representative scenarios under a shared storage budget?,synthetic,synthetic_mechanism_decomposition,mobile_only,Case B: Mobile Only,ok,optimal,optimal,2381.268207894737,2381.268207894737,0.0,3.265999999945052,2381.268207894737,synthetic_hourly,24,0,0.0,2.4,0.5,2381.268207894737,915.6568921052631,1461.66,0.35131578947368103,3.5999999999999996,2381.268207894737,121.805,865.6668947368421,15.157894736842104,14.591999999999999,0.7026315789473712,0.4117491033890919,0.23991701151625516,1.0,0.0,0.04182330826818737,-60.933178947368106,0.35131578947402886,-61.284494736842134,,0.9,1,,,,,,,,,,
E8,mobile_wins,Why does mobile win or lose in representative scenarios under a shared storage budget?,synthetic,synthetic_mechanism_decomposition,hybrid,Case C: Hybrid,ok,optimal,optimal,2341.5707263157897,2341.5707263157897,0.0,4.14000000001397,2341.5707263157897,synthetic_hourly,24,0,1.8,1.2,0.5,2341.5707263157897,917.6062526315789,1419.0000000000002,1.3644736842105225,3.5999999999999996,2341.5707263157897,118.25000000000001,869.3633684210527,18.947368421052634,18.240000000000002,2.7289473684210455,0.44355547988431393,0.2399144637378711,1.0,0.0,0.32487468667811553,,,,,0.9,1,,,,,,,,,,
E8,mobile_wins,Why does mobile win or lose in representative scenarios under a shared storage budget?,synthetic,synthetic_mechanism_decomposition,mobile_only_ideal,Case B*: Ideal Mobile Only,ok,optimal,optimal,2380.9168921052633,2380.9168921052633,0.0,3.827999999979511,2380.9168921052633,synthetic_hourly,24,0,0.0,2.4,0.0,2380.916892105263,915.6568921052631,1461.66,0.0,3.5999999999999996,2380.916892105263,121.805,865.6668947368421,15.157894736842103,14.591999999999997,4.338157894736853,0.4006791335426247,0.2401529409375383,1.0,0.0,0.2582236841951565,-60.933178947368106,0.35131578947402886,-61.284494736842134,,0.9,1,,,,,,,,,,
E8,near_boundary,Why does mobile win or lose in representative scenarios under a shared storage budget?,synthetic,synthetic_mechanism_decomposition,no_storage,Case 0: No Storage,ok,optimal,optimal,2324.4411,2324.441100000011,0.0,1.6559999999590218,2324.4411,synthetic_hourly,24,1,0.0,0.0,0.0,2324.4411,914.6091,1409.832,0.0,0.0,2324.4411,117.486,855.8389999999999,0.0,0.0,0.0,0.0,0.22586906554038613,0.42857142857142855,0.0,0.0,,,,,0.7,2,,,,,,,,,,
E8,near_boundary,Why does mobile win or lose in representative scenarios under a shared storage budget?,synthetic,synthetic_mechanism_decomposition,fixed_only,Case A: Fixed Only,ok,optimal,optimal,2084.0410131578947,2084.0410131578947,0.0,2.2030000000959262,2084.0410131578947,synthetic_hourly,24,1,3.6,0.0,0.0,2084.0410131578947,926.2690131578947,1154.172,0.0,3.6,2084.0410131578947,96.181,877.9928421052631,22.73684210526316,21.888,0.0,0.0,0.22689289675196408,0.42857142857142855,0.0,0.0,-77.23292894736869,1.0191299999996772,-78.25205894736837,,0.7,2,,,,,,,,,,
E8,near_boundary,Why does mobile win or lose in representative scenarios under a shared storage budget?,synthetic,synthetic_mechanism_decomposition,mobile_only,Case B: Mobile Only,ok,optimal,optimal,2162.293072105263,2162.293072105263,0.0,3.10999999998603,2162.293072105263,synthetic_hourly,24,1,0.0,2.4,0.5,2162.293072105263,922.8058721052631,1235.8872,0.0,3.5999999999999996,2162.293072105263,102.9906,870.900294736842,15.157894736842104,14.592,5.551115123125783e-16,0.3983933291064088,0.22667447484188805,0.42857142857142855,2.999999999625,3.3042351921400945e-17,-77.23292894736869,1.0191299999996772,-78.25205894736837,,0.7,2,,,,,,,,,,
E8,near_boundary,Why does mobile win or lose in representative scenarios under a shared storage budget?,synthetic,synthetic_mechanism_decomposition,hybrid,Case C: Hybrid,ok,optimal,optimal,2121.5634426315787,2121.5634426315787,0.0,2.780999999959022,2121.5634426315787,synthetic_hourly,24,1,1.8,1.2,0.5,2121.5634426315787,924.7578426315789,1193.2056,0.0,3.5999999999999996,2121.5634426315787,99.43379999999999,874.5985684210526,18.947368421052637,18.240000000000006,6.869504964868156e-16,0.4549521484355253,0.22679578704184464,0.42857142857142855,3.053571428182079,8.17798210005995e-17,,,,,0.7,2,,,,,,,,,,
E8,near_boundary,Why does mobile win or lose in representative scenarios under a shared storage budget?,synthetic,synthetic_mechanism_decomposition,mobile_only_ideal,Case B*: Ideal Mobile Only,ok,optimal,optimal,2161.273942105263,2161.273942105263,0.0,2.687999999965541,2161.273942105263,synthetic_hourly,24,0,0.0,2.4,0.0,2161.2739421052634,922.9459421052632,1234.728,0.0,3.5999999999999996,2161.2739421052634,102.89399999999999,870.996894736842,15.157894736842106,14.591999999999997,3.375077994860476e-14,0.38583132595402353,0.22647764059902112,0.42857142857142855,0.0,2.0089749968211776e-15,-77.23292894736869,1.0191299999996772,-78.25205894736837,,0.7,2,,,,,,,,,,
E8,fixed_wins,Why does mobile win or lose in representative scenarios under a shared storage budget?,synthetic,synthetic_mechanism_decomposition,no_storage,Case 0: No Storage,ok,optimal,optimal,1920.79845,1920.798449999983,0.0,1.625,1920.79845,synthetic_hourly,24,3,0.0,0.0,0.0,1920.79845,930.15045,990.648,0.0,0.0,1920.79845,82.554,867.092,0.0,0.0,0.0,0.0,0.21337117234901462,0.14285714285714285,0.0,0.0,,,,,0.45,4,,,,,,,,,,
E8,fixed_wins,Why does mobile win or lose in representative scenarios under a shared storage budget?,synthetic,synthetic_mechanism_decomposition,fixed_only,Case A: Fixed Only,ok,optimal,optimal,1694.2294131578947,1694.2294131578947,0.0,2.0160000000614673,1694.2294131578947,synthetic_hourly,24,3,3.6,0.0,0.0,1694.2294131578947,939.9094131578947,750.7199999999999,0.0,3.6,1694.2294131578947,62.559999999999995,887.9348421052632,22.73684210526316,21.888,0.0,0.0,0.21367283772589363,0.14285714285714285,0.0,0.0,-63.40187894736846,7.425089999999955,-70.82696894736841,,0.45,4,,,,,,,,,,
E8,fixed_wins,Why does mobile win or lose in representative scenarios under a shared storage budget?,synthetic,synthetic_mechanism_decomposition,mobile_only,Case B: Mobile Only,ok,optimal,optimal,1765.056382105263,1765.056382105263,0.0,3.187999999965541,1765.056382105263,synthetic_hourly,24,3,0.0,2.4,0.5,1765.056382105263,937.4667821052632,823.9896,0.0,3.5999999999999996,1765.056382105263,68.6658,881.5460947368421,15.157894736842104,14.592,9.71445146547012e-16,0.3637102636139768,0.21447521086190696,0.14285714285714285,9.642857141559949,5.782411586245165e-17,-63.40187894736846,7.425089999999955,-70.82696894736841,,0.45,4,,,,,,,,,,
E8,fixed_wins,Why does mobile win or lose in representative scenarios under a shared storage budget?,synthetic,synthetic_mechanism_decomposition,hybrid,Case C: Hybrid,ok,optimal,optimal,1726.847147631579,1726.8471476315788,0.0,3.452999999979511,1726.847147631579,synthetic_hourly,24,3,1.8,1.2,0.5,1726.8471476315788,939.072347631579,784.1747999999999,0.0,3.5999999999999996,1726.8471476315788,65.3479,885.0054684210527,18.947368421052634,18.240000000000002,0.0,0.3909193622059057,0.2137677351205132,0.14285714285714285,9.160714284546238,0.0,,,,,0.45,4,,,,,,,,,,
E8,fixed_wins,Why does mobile win or lose in representative scenarios under a shared storage budget?,synthetic,synthetic_mechanism_decomposition,mobile_only_ideal,Case B*: Ideal Mobile Only,ok,optimal,optimal,1757.6312921052631,1757.6312921052631,0.0,2.23499999998603,1757.6312921052631,synthetic_hourly,24,0,0.0,2.4,0.0,1757.6312921052631,938.4872921052631,815.544,0.0,3.5999999999999996,1757.6312921052631,67.962,882.2498947368421,15.157894736842106,14.592,1.6375789613221059e-15,0.38484554321919406,0.2143051512555547,0.14285714285714285,0.0,9.747493816813279e-17,-63.40187894736846,7.425089999999955,-70.82696894736841,,0.45,4,,,,,,,,,,
E9,holiday_stress,Do the shared-budget planning conclusions survive realistic perturbations?,real,holiday_stress,no_storage,Case 0: No Storage,ok,optimal,optimal,6377.903094966955,6377.903094966886,0.0,10.937999999965541,6377.903094966955,mixed_real,24,1,0.0,0.0,0.0,6377.903094966955,6377.903094966955,0.0,0.0,0.0,6377.903094966955,0.0,5279.286802236909,0.0,0.0,0.0,0.0,0.04347826088841809,0.0,0.0,0.0,,,,,,,,,,,,,,,,holiday_stress
E9,holiday_stress,Do the shared-budget planning conclusions survive realistic perturbations?,real,holiday_stress,fixed_only,Case A: Fixed Only,ok,optimal,optimal,6147.809913742006,6147.809913742006,0.0,12.781000000075437,6147.809913742006,mixed_real,24,1,18.0,0.0,0.0,6147.809913742006,6129.809913742006,0.0,0.0,18.0,6147.809913742006,0.0,5295.40176833543,235.4355497284136,219.3205836298933,0.0,0.0,0.04361356826521287,0.125,0.0,0.0,,,,,,,,,,,,,,,,holiday_stress
E9,holiday_stress,Do the shared-budget planning conclusions survive realistic perturbations?,real,holiday_stress,mobile_only,Case B: Mobile Only,ok,maxTimeLimit,feasible_with_gap,6209.685983667561,6201.925108215884,0.0012498015957794237,484.7030000000959,6209.685983667561,mixed_real,24,1,0.0,12.0,0.5,6209.685983667561,6191.68598366756,0.0,4.918683605431765e-13,18.0,6209.685983667561,0.0,5292.649933056891,183.82698276962066,170.4638519495952,4.672198713325827e-12,0.33018380906832334,0.04442501717561481,0.25,3.1407407402969545,4.866873659663706e-14,,,,Stopped before optimality proof; incumbent retained with gap=0.124980%.,,,,,,,,,,,,holiday_stress
E9,holiday_stress,Do the shared-budget planning conclusions survive realistic perturbations?,real,holiday_stress,hybrid,Case C: Hybrid,ok,optimal,optimal,6172.989361715634,6172.375686603491,0.0,256.14099999994505,6172.989361715634,mixed_real,24,1,9.0,6.0,0.5,6172.989361715634,6154.935457915074,0.0,0.053903800560367664,18.0,6172.989361715634,0.0,5294.578263182403,215.29703533870656,200.00557439316108,0.10780760128527105,0.37184910857779974,0.044384959859458235,0.25,3.1957671953321154,0.0022459916933963557,,,,,,,,,,,,,,,,holiday_stress
E9,holiday_stagger,Do the shared-budget planning conclusions survive realistic perturbations?,real,holiday_stagger,no_storage,Case 0: No Storage,ok,optimal,optimal,61168.22891482802,61168.228914827996,0.0,8.234000000054948,61168.22891482802,mixed_real,24,1,0.0,0.0,0.0,61168.228914828025,3837.3044983192704,57330.92441650875,0.0,0.0,61168.228914828025,57.33092441650875,3372.3515123525776,0.0,0.0,0.0,0.0,0.06313408627487664,0.3333333333333333,0.0,0.0,,,,,,,,,,,,,,,,holiday_stagger
E9,holiday_stagger,Do the shared-budget planning conclusions survive realistic perturbations?,real,holiday_stagger,fixed_only,Case A: Fixed Only,ok,optimal,optimal,33858.42834250065,33858.42834250064,0.0,8.109000000054948,33858.42834250065,mixed_real,24,1,18.0,0.0,0.0,33858.42834250065,3677.81932343819,30162.60901906246,0.0,18.0,33858.42834250065,30.162609019062458,3412.1684957705106,199.88377456909222,187.23510654860576,0.0,0.0,0.06323731240265537,0.3333333333333333,0.0,0.0,,,,,,,,,,,,,,,,holiday_stagger
E9,holiday_stagger,Do the shared-budget planning conclusions survive realistic perturbations?,real,holiday_stagger,mobile_only,Case B: Mobile Only,ok,optimal,optimal,23187.386598077162,23185.284348298825,0.0,17.546999999904074,23187.386598077162,mixed_real,24,1,0.0,12.0,0.5,23187.38659807716,3759.194178871933,19397.18420997299,13.008209232236203,18.0,23187.38659807716,19.397184209972995,3420.487084498761,151.40340450920533,141.2015725695578,26.016418464472412,0.3597828302802684,0.06388722438013357,0.5,3.766233765169159,0.361339145334876,,,,,,,,,,,,,,,,holiday_stagger
E9,holiday_stagger,Do the shared-budget planning conclusions survive realistic perturbations?,real,holiday_stagger,hybrid,Case C: Hybrid,ok,optimal,optimal,27769.07705197228,27767.14066498296,0.0,22.780999999959022,27769.07705197228,mixed_real,24,1,9.0,6.0,0.5,27769.07705197228,3717.714422825148,24026.984850536905,6.377778610226631,18.0,27769.07705197228,24.026984850536905,3417.258043396744,177.4624766994312,165.85988522123665,12.755557220453268,0.38293252037884995,0.06372482263617721,0.5,4.08719851463394,0.35432103389163744,,,,,,,,,,,,,,,,holiday_stagger
E9,site_month_heterogeneity,Do the shared-budget planning conclusions survive realistic perturbations?,real,site_month_heterogeneity,no_storage,Case 0: No Storage,ok,optimal,optimal,2582.4755687414236,2582.4755687414176,0.0,10.515999999945052,2582.4755687414236,mixed_real,24,1,0.0,0.0,0.0,2582.4755687414236,2582.4755687414236,0.0,0.0,0.0,2582.4755687414236,0.0,2111.7147208947636,0.0,0.0,0.0,0.0,0.04903866846033042,0.45454545454545453,0.0,0.0,,,,,,,,,,,,,,,,site_month_heterogeneity
E9,site_month_heterogeneity,Do the shared-budget planning conclusions survive realistic perturbations?,real,site_month_heterogeneity,fixed_only,Case A: Fixed Only,ok,optimal,optimal,2262.440800065787,2262.440800065787,0.0,12.109000000054948,2262.440800065787,mixed_real,24,1,18.0,0.0,0.0,2262.440800065787,2244.440800065787,0.0,0.0,18.0,2262.440800065787,0.0,2135.6590987714962,315.73720899212884,291.79283111539627,0.0,0.0,0.0491161135860886,0.6363636363636364,0.0,0.0,,,,,,,,,,,,,,,,site_month_heterogeneity
E9,site_month_heterogeneity,Do the shared-budget planning conclusions survive realistic perturbations?,real,site_month_heterogeneity,mobile_only,Case B: Mobile Only,ok,maxTimeLimit,feasible_with_gap,2355.9441622976747,2355.1893150400265,0.0003204011664317215,486.6570000000065,2355.9441622976747,mixed_real,24,1,0.0,12.0,0.5,2355.944162297674,2337.8733665627915,0.0,0.07079573488273645,18.0,2355.944162297674,0.0,2131.5162555677794,249.8618940822121,230.06035940919656,0.14159146976573686,0.3611165055731469,0.049207248561584906,0.8181818181818182,17.619047603451246,0.0010726626497323047,,,,Stopped before optimality proof; incumbent retained with gap=0.032040%.,,,,,,,,,,,,site_month_heterogeneity
E9,site_month_heterogeneity,Do the shared-budget planning conclusions survive realistic perturbations?,real,site_month_heterogeneity,hybrid,Case C: Hybrid,ok,maxTimeLimit,feasible_with_gap,2306.7669456087574,2305.833283259778,0.0004047493184158673,495.39000000001397,2306.7669456087574,mixed_real,24,1,9.0,6.0,0.5,2306.7669456087574,2288.74150225586,0.0,0.025443352897725497,18.0,2306.7669456087574,0.0,2133.952731978832,286.5437034263469,264.3056923422783,0.05088670579805719,0.4099766805309295,0.049184485567472264,0.6363636363636364,17.066666652364443,0.0007710106938982754,,,,Stopped before optimality proof; incumbent retained with gap=0.040475%.,,,,,,,,,,,,site_month_heterogeneity
